filename,width,height,class,xmin,ymin,xmax,ymax
IMG-20180108-WA0051_jpg.rf.f1bbf44cead47748cb55073eca31dd72.jpg,416,416,platNomor,88,114,109,135
IMG-20180108-WA0051_jpg.rf.f1bbf44cead47748cb55073eca31dd72.jpg,416,416,platNomor,144,254,193,294
IMG-20180108-WA0051_jpg.rf.f1bbf44cead47748cb55073eca31dd72.jpg,416,416,platNomor,292,267,348,316
IMG-20180108-WA0097_jpg.rf.f345aa77e65c9a39617a96a9b8ffbc1a.jpg,416,416,platNomor,304,251,341,281
IMG-20180108-WA0097_jpg.rf.f345aa77e65c9a39617a96a9b8ffbc1a.jpg,416,416,platNomor,96,268,140,297
64-E-5561-OI-06-19_jpg.rf.f05fe04fa7f3267b422850bf3766592e.jpg,416,416,platNomor,2,12,406,400
136-E-3916-P-05-21_jpg.rf.eb9fdb9c2da70cda596b84127a2b3dcc.jpg,416,416,platNomor,4,6,412,391
IMG-20180108-WA0080_jpg.rf.ef19f71c14a2cb8dd76e007c46823b25.jpg,416,416,platNomor,200,198,232,229
223-E-6186-PAP-08-22_jpeg.rf.f65f91ecb98ac416952aed50bfc2de87.jpg,416,416,platNomor,0,3,415,415
193-E-4682-QA-09-22_jpg.rf.ee31af1772832c015af3bb135b038ce1.jpg,416,416,platNomor,15,27,402,387
226-E-5148-OI-06-13_jpg.rf.f01b3833ceef0b87c52ee5c8853e2b62.jpg,416,416,platNomor,13,39,388,361
31-E-5235-RO-11-16_jpg.rf.ed696c427eafe71462478751353bf754.jpg,416,416,platNomor,15,21,411,401
WhatsApp-Image-2022-06-07-at-21-28-56_jpeg.rf.ecd9f695d1d2693f334393d6841c9577.jpg,416,416,platNomor,126,0,358,410
340-E-4235-RP-01-22_jpeg.rf.f6d3fce1764793051c1e43339b859cc4.jpg,416,416,platNomor,5,2,411,406
IMG-20180108-WA0121_jpg.rf.f42418e332c18b6550375faaa6c9640c.jpg,416,416,platNomor,215,75,231,86
IMG-20180108-WA0121_jpg.rf.f42418e332c18b6550375faaa6c9640c.jpg,416,416,platNomor,179,75,196,85
IMG-20180108-WA0121_jpg.rf.f42418e332c18b6550375faaa6c9640c.jpg,416,416,platNomor,90,82,110,95
IMG-20180108-WA0121_jpg.rf.f42418e332c18b6550375faaa6c9640c.jpg,416,416,platNomor,170,104,195,121
IMG-20180108-WA0121_jpg.rf.f42418e332c18b6550375faaa6c9640c.jpg,416,416,platNomor,292,105,317,122
IMG-20180108-WA0121_jpg.rf.f42418e332c18b6550375faaa6c9640c.jpg,416,416,platNomor,236,105,259,123
IMG-20180108-WA0121_jpg.rf.f42418e332c18b6550375faaa6c9640c.jpg,416,416,platNomor,128,111,156,129
IMG-20180108-WA0121_jpg.rf.f42418e332c18b6550375faaa6c9640c.jpg,416,416,platNomor,315,211,370,246
IMG-20180108-WA0121_jpg.rf.f42418e332c18b6550375faaa6c9640c.jpg,416,416,platNomor,210,216,266,264
47-E-4240-RY-06-19_jpeg.rf.efe16569e5d14ebe5cb8b89a681801d6.jpg,416,416,platNomor,6,19,409,408
4-E-6226-YZ-12-19_jpg.rf.f198ad1fa2cefe6bc0a8a68cf6e00d27.jpg,416,416,platNomor,12,15,408,407
39-E-6716-QR-04-20_jpeg.rf.f048ae49351abcd960ef8b07c1b5057e.jpg,416,416,platNomor,4,0,413,413
74-E-2393-TT-01-18_jpg.rf.effdd852679c0ed1aa47580d6b798513.jpg,416,416,platNomor,4,13,406,401
20220530_160557_jpg.rf.f4680b845dbd475f8c621104ceb18cf5.jpg,416,416,platNomor,90,199,253,234
photo_2022-05-30_17-52-28_jpg.rf.eb27b09de803e407bb7ce44f89d84d4e.jpg,416,416,platNomor,142,172,268,267
251-E-3008-SM-05-20_jpeg.rf.f1bece6aa25143577d82ca7517ddb6ee.jpg,416,416,platNomor,11,5,406,411
61-E-6472-SB-11-18_jpeg.rf.eff0bc75b8cc4e591cd7c93fe08a135f.jpg,416,416,platNomor,9,26,413,410
IMG-20180108-WA0073_jpg.rf.f1d443963a9ee745887953f36ca294b1.jpg,416,416,platNomor,270,134,315,177
IMG-20180108-WA0073_jpg.rf.f1d443963a9ee745887953f36ca294b1.jpg,416,416,platNomor,76,244,125,283
16-E-3598-PAD-09-21_jpg.rf.f2f5ed7925983e910a211ed05edf86f4.jpg,416,416,platNomor,26,32,403,405
IMG-20180108-WA0120_jpg.rf.f9311cc4f9eb8b519c5faf7ca3c3119f.jpg,416,416,platNomor,198,206,263,244
209-E-5246-PAF-08-21_jpeg.rf.f339ab817cab6ff539f2948ea5c1b2e1.jpg,416,416,platNomor,0,12,414,405
IMG-20180108-WA0088_jpg.rf.f7bbd38da795033bec3863468ba60778.jpg,416,416,platNomor,53,202,143,277
IMG-20180108-WA0088_jpg.rf.f7bbd38da795033bec3863468ba60778.jpg,416,416,platNomor,257,220,363,319
299-E-5051-SD-03-18_jpeg.rf.f6cc9d9190d650ea242780c355ab2427.jpg,416,416,platNomor,0,27,415,313
357-E-4679-PAD-06-21_jpg.rf.f838f3b7afc302c470d51b3bcb4f0316.jpg,416,416,platNomor,17,38,410,353
255-E-6527-OD-02-20_jpeg.rf.f7f42c8e07ca8e2d6d2dbc835dc10317.jpg,416,416,platNomor,30,44,397,397
195-E-2110-QP-12-19_jpeg.rf.f71fee533afe67e4f6806495038b992f.jpg,416,416,platNomor,1,0,416,414
121-E-4112-RJ-04-18_jpeg.rf.f9d16c523dfc40aa92da4a9ba30d8586.jpg,416,416,platNomor,3,7,409,397
20171212_124357_jpg.rf.fce7a21b9045d993737a482e9dfd8349.jpg,416,416,platNomor,0,46,415,377
151-E-5090-TW-05-18_jpg.rf.fcffe528a5ad0e1898a775a43329e64c.jpg,416,416,platNomor,12,45,411,382
20171210_212912_jpg.rf.fa5fd4c0ed34c8f7e45b6d0d2dcc2bef.jpg,416,416,platNomor,14,44,411,369
182-E-3996-RS-08-17_jpeg.rf.fe05b53feea30208896735cc2d8d98ed.jpg,416,416,platNomor,7,5,415,415
212-E-3817-PAH-11-21_jpeg.rf.fc0ffd4cbe6f6e387e81c124f0988030.jpg,416,416,platNomor,9,15,415,414
349-E-4378-SG-07-19_jpeg.rf.ff88fd4e634de8f775ff6efb6e873809.jpg,416,416,platNomor,4,3,412,408
110-E-4753-QV-08-20_jpeg.rf.fefef3fee6dfce0837644122166450a7.jpg,416,416,platNomor,12,12,415,414
133-E-6586-PAM-06-22_jpeg.rf.f88d3ef05118b98c9b6c814ddfa2849d.jpg,416,416,platNomor,2,0,400,413
102-E-6984-P-07-20_jpeg.rf.fdc4871457eceee226bbf837b7301d15.jpg,416,416,platNomor,0,0,412,392
289-E-6810-TX-06-18_jpeg.rf.ff16529c89e83dcfe20a99f6f69ed26a.jpg,416,416,platNomor,2,6,416,406
217-E-4992-SW-06-15_jpg.rf.fccea4f92bf00ce731d2175f8d672932.jpg,416,416,platNomor,1,2,413,415
20171211_155025_jpg.rf.eaea1a0e0b878d146bc9f1140494643c.jpg,416,416,platNomor,0,61,415,376
200-E-6978-OW-09-20_jpg.rf.677303b2fe3b13ede694ae9bdc8fc5a0.jpg,416,416,platNomor,14,21,401,380
333-E-2247-RY-05-18_jpeg.rf.6746cfbd611d61fcd09c656f92006ff8.jpg,416,416,platNomor,3,11,415,412
157-E-6735-QV-08-20_jpeg.rf.65d904336057752fa2c457fc4e3572b1.jpg,416,416,platNomor,5,0,415,413
176-E-4386-IY-09-18_jpeg.rf.6845e9d45ce104068a4005d3c5414b2a.jpg,416,416,platNomor,2,0,415,414
80-E-5142-TW-05-18_jpeg.rf.6561a0617384ddf2eca624296be3a30a.jpg,416,416,platNomor,5,13,405,403
322-E-8767-TG-11-22_jpg.rf.6cff06784180ec1725fe0ab09398c5c6.jpg,416,416,platNomor,57,101,388,371
152-E-3772-SV-05-16_jpeg.rf.6bd5702289992ba6e86cadd3ca448b04.jpg,416,416,platNomor,1,2,415,383
272-E-1677-PE-02-21_jpeg.rf.682286f8c3b7034a745f1199add10a6a.jpg,416,416,platNomor,9,26,400,406
246-E-5905-QO-12-19_jpeg.rf.6ee9f4dfeb01251703f0d2a50c1e88eb.jpg,416,416,platNomor,0,10,415,416
IMG-20180108-WA0067_jpg.rf.688b87c8c92ca838e25e59d7c7e94d21.jpg,416,416,platNomor,232,121,255,146
IMG-20180108-WA0067_jpg.rf.688b87c8c92ca838e25e59d7c7e94d21.jpg,416,416,platNomor,38,162,54,176
IMG-20180108-WA0067_jpg.rf.688b87c8c92ca838e25e59d7c7e94d21.jpg,416,416,platNomor,290,256,337,290
282-E-5519-PAK-03-22_jpg.rf.695701828f36de895938bbd9a4313092.jpg,416,416,platNomor,1,52,409,323
IMG-20180108-WA0105_jpg.rf.6a4037b51c673b8ce7d60297101a5e2c.jpg,416,416,platNomor,224,220,245,235
IMG-20180108-WA0105_jpg.rf.6a4037b51c673b8ce7d60297101a5e2c.jpg,416,416,platNomor,328,228,345,245
IMG-20180108-WA0105_jpg.rf.6a4037b51c673b8ce7d60297101a5e2c.jpg,416,416,platNomor,28,247,64,271
20171212_073415_jpg.rf.6480b0823bd9143b8085c06f58eb5a42.jpg,416,416,platNomor,3,39,415,336
IMG-20180108-WA0054_jpg.rf.6bbfdea48cbd958319d567b509d2074e.jpg,416,416,platNomor,84,87,107,113
IMG-20180108-WA0054_jpg.rf.6bbfdea48cbd958319d567b509d2074e.jpg,416,416,platNomor,272,140,301,181
IMG-20180108-WA0054_jpg.rf.6bbfdea48cbd958319d567b509d2074e.jpg,416,416,platNomor,149,156,188,207
161-E-3332-ST-02-19_jpeg.rf.67c74c409a611ea74fe2bad31f4e1a8a.jpg,416,416,platNomor,4,4,413,408
103-E-6387-PL-04-20_jpeg.rf.6de96d55763e41da57680c908cc370ff.jpg,416,416,platNomor,4,16,415,416
45-E-4836-QM-10-19_jpeg.rf.6c96db17c50399108f33fd58fa203f5c.jpg,416,416,platNomor,14,3,405,401
IMG-20180108-WA0047_jpg.rf.6ce77cf4c3ee10f369bcebed81ea6364.jpg,416,416,platNomor,283,128,329,190
IMG-20180108-WA0047_jpg.rf.6ce77cf4c3ee10f369bcebed81ea6364.jpg,416,416,platNomor,130,211,179,260
21-E-6676-PAH-11-21_jpg.rf.687a87ddecf30426c22c21f7f8a6ebd9.jpg,416,416,platNomor,15,51,398,363
IMG-20180108-WA0040_jpg.rf.6ccd140de65d4a5003abef8619fed8b4.jpg,416,416,platNomor,184,65,195,79
IMG-20180108-WA0040_jpg.rf.6ccd140de65d4a5003abef8619fed8b4.jpg,416,416,platNomor,116,90,149,125
IMG-20180108-WA0040_jpg.rf.6ccd140de65d4a5003abef8619fed8b4.jpg,416,416,platNomor,279,148,324,196
362-E-6525-SF-09-21_jpeg.rf.6f2d0e8292ccd6a3e133e4408ff75bfd.jpg,416,416,platNomor,4,11,413,397
115-E-5305-SM-06-20_jpeg.rf.68f822fc5eea23174a29846ac3595e30.jpg,416,416,platNomor,11,12,411,411
20220530_160602_jpg.rf.69b55919e4529061d90740a47e955407.jpg,416,416,platNomor,129,136,229,233
94-E-2118-ST-01-21_jpeg.rf.6dd6373d96037c5ce2abeecebe443f25.jpg,416,416,platNomor,0,2,415,414
273-E-6078-RM-09-22_jpeg.rf.6c36cf830a20cdb10c054e96059067f7.jpg,416,416,platNomor,2,12,415,402
268-E-6752-SN-04-18_jpeg.rf.6ddf93cb5db38dd4793da850df960b25.jpg,416,416,platNomor,0,5,409,412
IMG-20180108-WA0043_jpg.rf.71cf45f2dc7eeeab0590e8a0f798c045.jpg,416,416,platNomor,182,264,248,310
208-E-6855-OC-11-21_jpeg.rf.6fb0a4cb88ce36cef036bfffcfc47bf5.jpg,416,416,platNomor,11,3,407,413
33-E-5216-TI-11-21_jpeg.rf.74748e5018bdc713dc176b819d30fff3.jpg,416,416,platNomor,4,6,409,411
20171212_073435_jpg.rf.754ca2d11ea0dac674cc517e8b72ab4a.jpg,416,416,platNomor,0,22,416,387
236-E-536-YY-00-00_jpg.rf.7574eb72a0f39cf567459e369d37c897.jpg,416,416,platNomor,15,3,407,358
IMG-20180108-WA0021_jpg.rf.7304be5ddf6e6cbb11e9ec026ee16012.jpg,416,416,platNomor,108,228,144,268
IMG-20180108-WA0021_jpg.rf.7304be5ddf6e6cbb11e9ec026ee16012.jpg,416,416,platNomor,265,229,309,280
IMG-20180108-WA0072_jpg.rf.77d2146d32b9ae6b000443b327258015.jpg,416,416,platNomor,214,257,269,271
356-E-6225-SJ-11-19_jpeg.rf.6f58cafadf18325487f150a55a401375.jpg,416,416,platNomor,2,15,404,407
321-E-3255-TN-12-20_jpg.rf.73730bb296d8d3c2f73524c8581a94ba.jpg,416,416,platNomor,6,10,414,411
38-E-3747-RE-08-15_jpeg.rf.73e1cb8aa6b492a5817b7db166a03caa.jpg,416,416,platNomor,3,0,407,401
207-E-4396-RU-12-17_jpeg.rf.748645c14031ddffcc9ca8fc212b79ad.jpg,416,416,platNomor,3,3,415,414
215-E-6608-PAF-09-21_jpeg.rf.75df1bc45231e86a3207db354cb5d978.jpg,416,416,platNomor,6,3,415,403
14-E-1129-RP-07-18_jpg.rf.77dc88ffb8fc356024d9336010930a42.jpg,416,416,platNomor,4,18,415,412
IMG-20180108-WA0062_jpg.rf.78a6f242f32076bbdefb132e1ed54010.jpg,416,416,platNomor,237,138,248,150
IMG-20180108-WA0062_jpg.rf.78a6f242f32076bbdefb132e1ed54010.jpg,416,416,platNomor,168,142,180,154
IMG-20180108-WA0062_jpg.rf.78a6f242f32076bbdefb132e1ed54010.jpg,416,416,platNomor,60,191,92,223
IMG-20180108-WA0062_jpg.rf.78a6f242f32076bbdefb132e1ed54010.jpg,416,416,platNomor,302,198,335,230
IMG-20180108-WA0099_jpg.rf.70b6e530ccb7d5249af9df7f46d1b0e5.jpg,416,416,platNomor,206,202,259,242
20220530_160206_jpg.rf.7824d9cb2abee41b1699d93ec362275f.jpg,416,416,platNomor,147,192,296,316
201-E-5090-PAO-07-22_jpg.rf.7811e9d8e9f3a1740a0491b50a5d0868.jpg,416,416,platNomor,33,28,409,401
347-E-6765-PAD-06-21_jpeg.rf.728c7781f53810fbc867c90195a2f745.jpg,416,416,platNomor,6,3,403,413
IMG-20180108-WA0100_jpg.rf.74fb3f4e211c89b5125b5435f85e5ef2.jpg,416,416,platNomor,184,260,241,297
345-E-2047-SF-05-19_jpeg.rf.73ddba08e92face21704eb83bdd7c644.jpg,416,416,platNomor,3,51,415,411
196-E-6843-SV-06-21_jpeg.rf.79e3b96927c4520e0504dcb2bc0b6512.jpg,416,416,platNomor,0,11,414,411
202-E-2965-TO-07-22_jpeg.rf.72dbac27f4ff1b5d9c6d2b2f8c709b18.jpg,416,416,platNomor,1,1,416,406
218-E-2715-SE-04-19_jpeg.rf.74e7751b2e16f1d7a3b5640b52303357.jpg,416,416,platNomor,2,2,415,412
IMG-20180108-WA0046_jpg.rf.793c3fd4295ab48fa158386e6bdf8428.jpg,416,416,platNomor,272,90,318,145
IMG-20180108-WA0046_jpg.rf.793c3fd4295ab48fa158386e6bdf8428.jpg,416,416,platNomor,86,181,151,240
photo_2022-05-30_17-52-19_jpg.rf.7aea62278267490e5a1a36cdc8d27478.jpg,416,416,platNomor,160,194,320,309
19-E-6179-SH-09-14_jpeg.rf.7e3e66963f32ab6bfebf9ed3cf643d38.jpg,416,416,platNomor,1,12,413,395
323-E-4886-TM-06-22_jpeg.rf.8176f459e3c26a0b67966ba173b53192.jpg,416,416,platNomor,2,26,408,401
168-E-4092-PAE-07-21_jpeg.rf.7bd7a8bd056d7bc721c0879f06fa7122.jpg,416,416,platNomor,3,10,415,415
20220530_160719_jpg.rf.852e10dd5eeca6d3eb04a80f773e989f.jpg,416,416,platNomor,137,122,206,176
128-E-4877-SV-05-21_jpg.rf.8228edcfcbeb891562b99f6fb247dfbc.jpg,416,416,platNomor,4,22,391,406
20220530_160651_jpg.rf.77846a7a8b573465d276ca882a86e0e6.jpg,416,416,platNomor,138,113,232,210
20171212_124349_jpg.rf.849be3198da2a3c835a637adf15ddb79.jpg,416,416,platNomor,1,58,416,369
122-E-3206-PAO-06-22_jpeg.rf.7af7c58229163c25572affe0b0e4bb1a.jpg,416,416,platNomor,7,9,414,414
IMG-20180108-WA0089_jpg.rf.8633a9d22286f48ef339e28f423213de.jpg,416,416,platNomor,70,161,99,213
IMG-20180108-WA0089_jpg.rf.8633a9d22286f48ef339e28f423213de.jpg,416,416,platNomor,114,178,156,237
IMG-20180108-WA0089_jpg.rf.8633a9d22286f48ef339e28f423213de.jpg,416,416,platNomor,266,218,325,296
309-E-6140-OX-11-20_jpg.rf.7f83483ec669135d4d0117b45a85b25d.jpg,416,416,platNomor,2,7,415,414
107-E-4145-QZ-12-20_jpeg.rf.7d979392627a093c7114f65785936dbf.jpg,416,416,platNomor,6,19,415,414
329-E-5078-QF-02-19_jpeg.rf.86214f25129f3e974ad216875c555455.jpg,416,416,platNomor,38,5,412,404
20220530_160455_jpg.rf.83fa8867679f87a81692b7f83312c9d0.jpg,416,416,platNomor,83,211,277,252
20220530_160337_jpg.rf.8a28cd5e1cbc50bee0566ad381d4c24d.jpg,416,416,platNomor,100,170,283,208
73-E-5043-PAL-04-22_jpeg.rf.7cb057947efdb6e117ab716d3fe6f16b.jpg,416,416,platNomor,7,5,416,415
100-E-6467-QW-09-20_jpeg.rf.821777f51e0eba04f1cba087c23078b4.jpg,416,416,platNomor,10,20,414,415
231-E-5639-PAP-08-22_jpg.rf.802cfe8e2da75f5c0ef616d81bab4b7f.jpg,416,416,platNomor,1,6,415,413
IMG-20180108-WA0033_jpg.rf.881a4cd59b320f47ce0da2ffb8092c52.jpg,416,416,platNomor,63,213,101,253
IMG-20180108-WA0033_jpg.rf.881a4cd59b320f47ce0da2ffb8092c52.jpg,416,416,platNomor,191,240,232,281
IMG-20180108-WA0033_jpg.rf.881a4cd59b320f47ce0da2ffb8092c52.jpg,416,416,platNomor,350,249,393,288
41-E-2648-QI-05-19_jpg.rf.87dbbc34208438c1b716ba8d4d483b1d.jpg,416,416,platNomor,20,26,401,394
164-E-3543-PAG-09-21_jpg.rf.87825daa702029487ddcbe54b4860286.jpg,416,416,platNomor,10,0,406,415
331-E-2843-HB-08-21_jpeg.rf.8a376d507a2fd9e4c13c09e3dd05110e.jpg,416,416,platNomor,6,35,415,413
IMG-20180108-WA0076_jpg.rf.8906ab2532f7fe40a7bf76ed5a1d895f.jpg,416,416,platNomor,177,244,239,286
WhatsApp-Image-2022-06-07-at-21-29-02_jpeg.rf.885d4dac2cddf20f8f0ca8088d40e3d2.jpg,416,416,platNomor,3,105,409,314
89-E-6099-QS-05-20_jpeg.rf.881e640dcf62a4e70acadd1ea6b159a0.jpg,416,416,platNomor,0,3,415,414
IMG-20180108-WA0077_jpg.rf.867a1fccc715942375044648c911a464.jpg,416,416,platNomor,178,161,196,185
IMG-20180108-WA0077_jpg.rf.867a1fccc715942375044648c911a464.jpg,416,416,platNomor,56,200,96,236
IMG-20180108-WA0077_jpg.rf.867a1fccc715942375044648c911a464.jpg,416,416,platNomor,332,206,364,241
IMG-20180108-WA0077_jpg.rf.867a1fccc715942375044648c911a464.jpg,416,416,platNomor,196,239,225,275
IMG-20180108-WA0107_jpg.rf.8688d3465468dd18f8eda988162c84b4.jpg,416,416,platNomor,83,189,99,208
IMG-20180108-WA0107_jpg.rf.8688d3465468dd18f8eda988162c84b4.jpg,416,416,platNomor,24,212,41,228
IMG-20180108-WA0107_jpg.rf.8688d3465468dd18f8eda988162c84b4.jpg,416,416,platNomor,167,222,184,233
IMG-20180108-WA0107_jpg.rf.8688d3465468dd18f8eda988162c84b4.jpg,416,416,platNomor,249,223,272,238
IMG-20180108-WA0107_jpg.rf.8688d3465468dd18f8eda988162c84b4.jpg,416,416,platNomor,125,222,144,241
IMG-20180108-WA0107_jpg.rf.8688d3465468dd18f8eda988162c84b4.jpg,416,416,platNomor,294,225,313,246
IMG-20180108-WA0107_jpg.rf.8688d3465468dd18f8eda988162c84b4.jpg,416,416,platNomor,213,229,231,246
IMG-20180108-WA0107_jpg.rf.8688d3465468dd18f8eda988162c84b4.jpg,416,416,platNomor,362,237,380,251
IMG-20180108-WA0107_jpg.rf.8688d3465468dd18f8eda988162c84b4.jpg,416,416,platNomor,239,347,280,403
IMG-20180108-WA0107_jpg.rf.8688d3465468dd18f8eda988162c84b4.jpg,416,416,platNomor,370,375,405,415
139-E-5515-QG-04-19_jpg.rf.8c52a1fda139bec7ba07a9e90723a002.jpg,416,416,platNomor,12,0,408,413
IMG-20180108-WA0023_jpg.rf.82653622d7028f6f53897cd50040f104.jpg,416,416,platNomor,213,261,246,301
108-E-5860-ST-03-21_jpeg.rf.8d1128022340d0d82ff49c9072d4d754.jpg,416,416,platNomor,19,62,383,371
135-E-4721-SJ-11-20_jpeg.rf.8b28b3975bef11da406ec68e8922b861.jpg,416,416,platNomor,4,1,403,404
339-E-4966-SN-07-20_jpg.rf.8ad21adbd652c63e8bf251c59749dc26.jpg,416,416,platNomor,15,27,393,410
IMG-20180108-WA0037_jpg.rf.89e4008acfccb16537a027f798db72a1.jpg,416,416,platNomor,28,159,48,177
IMG-20180108-WA0037_jpg.rf.89e4008acfccb16537a027f798db72a1.jpg,416,416,platNomor,127,220,158,251
IMG-20180108-WA0037_jpg.rf.89e4008acfccb16537a027f798db72a1.jpg,416,416,platNomor,22,230,53,254
IMG-20180108-WA0037_jpg.rf.89e4008acfccb16537a027f798db72a1.jpg,416,416,platNomor,242,237,271,261
84-E-6545-SN-06-21_jpeg.rf.8bdc51c2a528bf929fa3b0b7d3903e42.jpg,416,416,platNomor,0,13,414,405
263-E-6631-TO-08-21_jpg.rf.8b23b54f90283bee45edf3ab10c44a27.jpg,416,416,platNomor,12,43,404,394
302-E-3922-OI-05-19_jpg.rf.8b30b89db3b11971fa87a3f73d853c75.jpg,416,416,platNomor,4,42,407,369
326-E-3758-RW-04-18_jpeg.rf.8c944634bd98f3c912d5dd1a5c095ecc.jpg,416,416,platNomor,2,0,415,414
IMG-20180108-WA0044_jpg.rf.93718e8a597920080e40587bcc413ecf.jpg,416,416,platNomor,211,153,249,198
IMG-20180108-WA0044_jpg.rf.93718e8a597920080e40587bcc413ecf.jpg,416,416,platNomor,332,176,368,212
IMG-20180108-WA0044_jpg.rf.93718e8a597920080e40587bcc413ecf.jpg,416,416,platNomor,67,252,100,281
301-E-6893-PAD-06-21_jpeg.rf.90c3a23def694cafbc96c496ecee54f3.jpg,416,416,platNomor,0,7,415,378
358-E-3438-SJ-10-19_jpg.rf.8d6700850bb2f14dd61b144464eee2d6.jpg,416,416,platNomor,15,38,396,369
62-E-3977-TH-12-18_jpg.rf.94943107142ecbc4c0c4090736ec6937.jpg,416,416,platNomor,12,33,405,403
283-E-2870-QAA-10-22_jpeg.rf.8f289da77f50f2fcb7abd5ca26563c6f.jpg,416,416,platNomor,7,22,403,393
10-E-5894-SZ-09-17_jpg.rf.91dd37ab34e262d0baec97cafd7cdfe4.jpg,416,416,platNomor,3,7,414,415
IMG-20180108-WA0058_jpg.rf.963b9c2883820c2ba8a0c8e7640f97b7.jpg,416,416,platNomor,343,83,362,100
IMG-20180108-WA0058_jpg.rf.963b9c2883820c2ba8a0c8e7640f97b7.jpg,416,416,platNomor,287,132,323,173
IMG-20180108-WA0058_jpg.rf.963b9c2883820c2ba8a0c8e7640f97b7.jpg,416,416,platNomor,100,142,141,185
IMG-20180108-WA0056_jpg.rf.8f0e8cd58595a790017c45fb814ec5c6.jpg,416,416,platNomor,216,133,260,183
IMG-20180108-WA0056_jpg.rf.8f0e8cd58595a790017c45fb814ec5c6.jpg,416,416,platNomor,328,137,376,194
IMG-20180108-WA0056_jpg.rf.8f0e8cd58595a790017c45fb814ec5c6.jpg,416,416,platNomor,71,167,120,222
WhatsApp-Image-2022-06-07-at-21-29-00_jpeg.rf.8ff6cadd901b069da27929c510e9b255.jpg,416,416,platNomor,56,111,368,289
20171211_084300_jpg.rf.90334883332f0ef703c25bdc2b4ddefb.jpg,416,416,platNomor,365,333,366,343
20171211_084300_jpg.rf.90334883332f0ef703c25bdc2b4ddefb.jpg,416,416,platNomor,54,74,380,352
IMG-20180108-WA0055_jpg.rf.962da5c177617400506a384f07828e61.jpg,416,416,platNomor,200,191,214,205
IMG-20180108-WA0055_jpg.rf.962da5c177617400506a384f07828e61.jpg,416,416,platNomor,140,198,154,209
IMG-20180108-WA0055_jpg.rf.962da5c177617400506a384f07828e61.jpg,416,416,platNomor,36,198,51,215
IMG-20180108-WA0055_jpg.rf.962da5c177617400506a384f07828e61.jpg,416,416,platNomor,334,210,354,231
IMG-20180108-WA0055_jpg.rf.962da5c177617400506a384f07828e61.jpg,416,416,platNomor,231,216,252,236
IMG-20180108-WA0055_jpg.rf.962da5c177617400506a384f07828e61.jpg,416,416,platNomor,89,276,112,301
IMG-20180108-WA0025_jpg.rf.93e858713989f846177483be63404897.jpg,416,416,platNomor,368,166,393,188
IMG-20180108-WA0025_jpg.rf.93e858713989f846177483be63404897.jpg,416,416,platNomor,70,181,111,215
IMG-20180108-WA0025_jpg.rf.93e858713989f846177483be63404897.jpg,416,416,platNomor,236,253,274,289
IMG-20180108-WA0025_jpg.rf.93e858713989f846177483be63404897.jpg,416,416,platNomor,154,251,197,301
IMG-20180108-WA0025_jpg.rf.93e858713989f846177483be63404897.jpg,416,416,platNomor,342,259,379,296
256-E-4572-SS-01-16_jpeg.rf.95232e90b12ee259201e18a9e26d4def.jpg,416,416,platNomor,1,7,416,415
183-E-5266-TS-12-22_jpg.rf.8ecc555237e8b14e6671bf1c90f0daa3.jpg,416,416,platNomor,25,17,407,382
286-E-5817-PT-04-18_jpeg.rf.8e11933a5ec07531ac198955ae12e5fe.jpg,416,416,platNomor,3,0,414,413
328-E-1992-RN-04-22_jpeg.rf.933af70368a7fb324ffcc9f3042161d9.jpg,416,416,platNomor,0,8,412,408
265-E-3984-TZ-07-21_jpg.rf.96f1db7d311748b359ed24c63b14e801.jpg,416,416,platNomor,4,30,395,388
260-E-4250-SU-04-21_jpeg.rf.981d495e476c72cb46d5dc1d9be147ab.jpg,416,416,platNomor,5,8,413,400
348-E-4160TQ-10-17_jpeg.rf.97cdff30660d96f537e2ff94e224b142.jpg,416,416,platNomor,0,0,407,413
IMG-20180108-WA0114_jpg.rf.96a0a5c4d17c77af07342ea9dea718f3.jpg,416,416,platNomor,196,241,266,290
IMG-20180108-WA0095_jpg.rf.9887f2481d74f2a47b9f9acb399e8a9d.jpg,416,416,platNomor,176,246,217,276
276-E-2810-PAD-05-21_jpeg.rf.9cd40f7065bf63710b1299c9e0f63537.jpg,416,416,platNomor,2,7,415,415
IMG-20180108-WA0094_jpg.rf.8d7d1d85c9960cf4b2e94c1820e6fb48.jpg,416,416,platNomor,62,192,97,221
IMG-20180108-WA0094_jpg.rf.8d7d1d85c9960cf4b2e94c1820e6fb48.jpg,416,416,platNomor,335,203,375,228
IMG-20180108-WA0070_jpg.rf.9a5810c43427d3a82969731c7cc3157b.jpg,416,416,platNomor,109,177,132,208
IMG-20180108-WA0070_jpg.rf.9a5810c43427d3a82969731c7cc3157b.jpg,416,416,platNomor,168,178,197,210
IMG-20180108-WA0070_jpg.rf.9a5810c43427d3a82969731c7cc3157b.jpg,416,416,platNomor,266,168,309,221
IMG-20180108-WA0115_jpg.rf.9a3d5e7d5412e072d8bcc64f34cac98f.jpg,416,416,platNomor,107,263,141,289
IMG-20180108-WA0115_jpg.rf.9a3d5e7d5412e072d8bcc64f34cac98f.jpg,416,416,platNomor,279,274,315,303
9-E-2633-RO-11-16_jpg.rf.9b146dfed0b857d32a40cd6b01ba5241.jpg,416,416,platNomor,2,6,415,413
325-E-2634-QG-03-19_jpeg.rf.9d93befcb599893b8e1dafe3b9dbbfd0.jpg,416,416,platNomor,2,2,415,396
131-E-5789-QD-12-18_jpg.rf.973caf4c75fb7359143cd3b0628b5db1.jpg,416,416,platNomor,13,29,405,389
117-E-2251-TI-01-22_jpg.rf.97cb255a14e1a6085561375d5b42fef8.jpg,416,416,platNomor,4,4,415,414
51-E-3083-PAH-10-21_jpeg.rf.9f2ac17780c1309f8d55fd24b7768725.jpg,416,416,platNomor,9,10,413,410
photo_2022-05-30_17-52-49_jpg.rf.960dbcdc21e0bd35bb666948d8266fd2.jpg,416,416,platNomor,117,150,288,262
IMG-20180108-WA0042_jpg.rf.8f35740ca3a3c2d47e29bd4d73f11799.jpg,416,416,platNomor,189,188,219,222
IMG-20180108-WA0042_jpg.rf.8f35740ca3a3c2d47e29bd4d73f11799.jpg,416,416,platNomor,124,193,159,231
IMG-20180108-WA0042_jpg.rf.8f35740ca3a3c2d47e29bd4d73f11799.jpg,416,416,platNomor,35,207,66,248
IMG-20180108-WA0101_jpg.rf.9deec1ba1c51de5baf97f0961092b4fb.jpg,416,416,platNomor,283,213,303,230
IMG-20180108-WA0101_jpg.rf.9deec1ba1c51de5baf97f0961092b4fb.jpg,416,416,platNomor,220,218,239,238
IMG-20180108-WA0101_jpg.rf.9deec1ba1c51de5baf97f0961092b4fb.jpg,416,416,platNomor,358,227,377,242
IMG-20180108-WA0101_jpg.rf.9deec1ba1c51de5baf97f0961092b4fb.jpg,416,416,platNomor,63,221,89,251
IMG-20180108-WA0111_jpg.rf.9d87811ebdc8a36ee67692b966b7128a.jpg,416,416,platNomor,327,158,352,184
IMG-20180108-WA0111_jpg.rf.9d87811ebdc8a36ee67692b966b7128a.jpg,416,416,platNomor,382,159,410,188
IMG-20180108-WA0111_jpg.rf.9d87811ebdc8a36ee67692b966b7128a.jpg,416,416,platNomor,44,237,76,266
IMG-20180108-WA0111_jpg.rf.9d87811ebdc8a36ee67692b966b7128a.jpg,416,416,platNomor,333,251,364,278
IMG-20180108-WA0111_jpg.rf.9d87811ebdc8a36ee67692b966b7128a.jpg,416,416,platNomor,251,252,281,285
IMG-20180108-WA0111_jpg.rf.9d87811ebdc8a36ee67692b966b7128a.jpg,416,416,platNomor,133,264,165,288
360-E-4690-PAL-04-22_jpg.rf.988eea84f10f28a0f8538a13b3c17bf1.jpg,416,416,platNomor,33,42,391,354
293-E-2509-OW-09-20_jpg.rf.9e94c0b77598299cd85ce28bf8d391e7.jpg,416,416,platNomor,8,0,412,407
199-E-5314-QR-03-20_jpeg.rf.9c14a0832077aaf51dec21872f2cab29.jpg,416,416,platNomor,5,0,415,412
266-E-4299-SZ-09-21_jpeg.rf.9bafce9134b38ba741b3da63ef8abed3.jpg,416,416,platNomor,2,5,407,399
141-E-3860-PAK-02-22_jpeg.rf.9eb761ad48f61636d2be90b0fbc15d63.jpg,416,416,platNomor,0,10,413,415
30-E-5032-QD-12-18_jpeg.rf.a81e4e5821306b8cd7aba1791c7930b4.jpg,416,416,platNomor,1,12,412,413
65-E-4235-PAL-04-22_jpeg.rf.9ba4cfd6a8aeb81631a85859533c052a.jpg,416,416,platNomor,12,26,406,386
20171212_142336_jpg.rf.a65029093ae21bdfebe8f538efabfc10.jpg,416,416,platNomor,3,58,416,368
IMG-20180108-WA0084_jpg.rf.a544d19e870762e9d921371ac6095be9.jpg,416,416,platNomor,169,123,189,143
IMG-20180108-WA0084_jpg.rf.a544d19e870762e9d921371ac6095be9.jpg,416,416,platNomor,56,234,100,276
IMG-20180108-WA0084_jpg.rf.a544d19e870762e9d921371ac6095be9.jpg,416,416,platNomor,342,239,378,288
IMG-20180108-WA0084_jpg.rf.a544d19e870762e9d921371ac6095be9.jpg,416,416,platNomor,251,240,293,287
IMG-20180108-WA0084_jpg.rf.a544d19e870762e9d921371ac6095be9.jpg,416,416,platNomor,166,249,203,288
20171212_100708_jpg.rf.a82aaf391cdc259bb8dff5ac1d17fadf.jpg,416,416,platNomor,1,31,415,364
37-E-4127-QI-05-19_jpg.rf.a5abaab0dc9aeabb144d0fd01de77111.jpg,416,416,platNomor,10,8,411,396
314-E-3016-SB-10-18_jpeg.rf.9d427c2cd481499efe64103ca85b7ad9.jpg,416,416,platNomor,42,42,408,415
247-E-2148-RI-01-16_jpg.rf.abc21e25ebce217d5c0bb3ee606beec2.jpg,416,416,platNomor,4,9,415,415
197-E-6375-OC-06-22_jpg.rf.a87a20c30dbbf09b1fbc87c80a44221e.jpg,416,416,platNomor,20,26,400,399
342-E-2544-QD-11-18_jpeg.rf.a1ec9080da8a39066a2875ee1437c40b.jpg,416,416,platNomor,5,21,410,414
8-E-3396-TO-08-22_jpeg.rf.afa28988696801799c90f8fc230f9ff3.jpg,416,416,platNomor,7,35,416,411
IMG-20180108-WA0082_jpg.rf.aa045db0d22bed352099a19a786a9e74.jpg,416,416,platNomor,197,243,261,275
143-E-5279-SD-12-21_jpg.rf.aa9c2adecd599e577257ef62109b8080.jpg,416,416,platNomor,9,19,406,390
IMG-20180108-WA0035_jpg.rf.b070c8804215874c82fdaf8714be319a.jpg,416,416,platNomor,100,143,122,163
IMG-20180108-WA0035_jpg.rf.b070c8804215874c82fdaf8714be319a.jpg,416,416,platNomor,136,147,156,166
IMG-20180108-WA0035_jpg.rf.b070c8804215874c82fdaf8714be319a.jpg,416,416,platNomor,259,231,289,260
IMG-20180108-WA0035_jpg.rf.b070c8804215874c82fdaf8714be319a.jpg,416,416,platNomor,311,238,346,271
IMG-20180108-WA0035_jpg.rf.b070c8804215874c82fdaf8714be319a.jpg,416,416,platNomor,376,245,412,270
IMG-20180108-WA0035_jpg.rf.b070c8804215874c82fdaf8714be319a.jpg,416,416,platNomor,155,243,191,283
IMG-20180108-WA0035_jpg.rf.b070c8804215874c82fdaf8714be319a.jpg,416,416,platNomor,29,249,62,285
20220530_160647_jpg.rf.a9e87806abeaee5a4c7b83f92c0cbf32.jpg,416,416,platNomor,115,172,225,265
56-E-5056-QD-12-18_jpeg.rf.af11a581f1fa9eeb9fa992aa489c2103.jpg,416,416,platNomor,7,34,409,399
291-E-3496-RW-04-19_jpeg.rf.a0c8d458c99cd34386e3cda8d1ca734d.jpg,416,416,platNomor,3,2,416,415
169-E-2637-WM-02-21_jpg.rf.b19e6230812cc4dba2435a9635127344.jpg,416,416,platNomor,7,17,416,403
156-E-3426-SB-10-18_jpg.rf.b1dd5d2be8f12d3501caa634d25c1d01.jpg,416,416,platNomor,11,40,406,406
181-E-3708-TU-06-15_jpeg.rf.a847a618f1531052b5a17edfa2fd53c2.jpg,416,416,platNomor,4,51,415,391
IMG-20180108-WA0086_jpg.rf.ac3eba20515e29cb552dc553ec81e0bd.jpg,416,416,platNomor,99,151,117,172
IMG-20180108-WA0086_jpg.rf.ac3eba20515e29cb552dc553ec81e0bd.jpg,416,416,platNomor,129,158,151,179
IMG-20180108-WA0086_jpg.rf.ac3eba20515e29cb552dc553ec81e0bd.jpg,416,416,platNomor,240,192,275,237
170-E-3913-QS-04-20_jpeg.rf.ae7639e0e2f6782f41499deb785401e9.jpg,416,416,platNomor,11,8,413,399
20220530_160330_jpg.rf.ae14acb4b7044daf763dfa8a48993934.jpg,416,416,platNomor,125,188,222,271
269-E-2101-TJ-02-22_jpg.rf.b587119595797b9d632ae8a28d2fe1c5.jpg,416,416,platNomor,5,8,415,402
126-E-3453-TN-06-22_jpeg.rf.b80d4a3d8a88f15daff38ee2a2d09415.jpg,416,416,platNomor,0,38,406,397
313-E-5971-TO-08-22_jpg.rf.a31de2182b6307b1f2c1c24ddf21de8e.jpg,416,416,platNomor,9,0,409,390
IMG-20180108-WA0079_jpg.rf.b311bff6edf3dcf0f47f2e444dd1702d.jpg,416,416,platNomor,144,192,172,214
IMG-20180108-WA0079_jpg.rf.b311bff6edf3dcf0f47f2e444dd1702d.jpg,416,416,platNomor,240,205,267,232
IMG-20180108-WA0079_jpg.rf.b311bff6edf3dcf0f47f2e444dd1702d.jpg,416,416,platNomor,322,205,354,235
142-E-3229-SQ-11-18_jpeg.rf.b2c65cab8648229a1ae46a7217534a81.jpg,416,416,platNomor,4,4,416,415

42-E-3690-SE-09-21_jpg.rf.b9afcd990dc81d2175b53891a4e5d9b9.jpg,416,416,platNomor,10,36,402,399
262-E-3465-SL-02-20_jpg.rf.b50ce49aa8a8b2b2d3f43f22868b4844.jpg,416,416,platNomor,1,0,415,400
18-E-3865-PAF-08-21_jpeg.rf.b3f41ff64f28ed3a237f291ae5e1a0be.jpg,416,416,platNomor,2,0,416,399
20171214_121636_jpg.rf.b7d85d8c385a912515303ebe2f5a2bf4.jpg,416,416,platNomor,0,3,415,319
photo_2022-05-30_17-51-35_jpg.rf.baa8d14c67ca308b17f7432f1a00c75b.jpg,416,416,platNomor,160,237,275,321
254-E-4739-TA-01-14_jpeg.rf.b67dcc195767f2ad1cb2fec6a1876571.jpg,416,416,platNomor,8,17,416,403
355-E-6547-PAF-09-21_jpeg.rf.b69c99c5f388879e0d4bcb3ea7b5d2cc.jpg,416,416,platNomor,4,11,416,414
IMG-20180108-WA0026_jpg.rf.b8d1837b76b9c2d0f7bc892a411ab9b8.jpg,416,416,platNomor,212,136,232,157
IMG-20180108-WA0026_jpg.rf.b8d1837b76b9c2d0f7bc892a411ab9b8.jpg,416,416,platNomor,52,141,73,164
IMG-20180108-WA0026_jpg.rf.b8d1837b76b9c2d0f7bc892a411ab9b8.jpg,416,416,platNomor,92,229,131,263
IMG-20180108-WA0026_jpg.rf.b8d1837b76b9c2d0f7bc892a411ab9b8.jpg,416,416,platNomor,308,257,346,289
IMG-20180108-WA0017_jpg.rf.ba2a2b1bff524756d644697e4c0293bf.jpg,416,416,platNomor,218,215,253,253
IMG-20180108-WA0017_jpg.rf.ba2a2b1bff524756d644697e4c0293bf.jpg,416,416,platNomor,94,240,133,278
IMG-20180108-WA0017_jpg.rf.ba2a2b1bff524756d644697e4c0293bf.jpg,416,416,platNomor,315,249,352,290
22-E-5234-YF-11-20_jpeg.rf.bc7f6c9d492aec13c762d58530c0e3e9.jpg,416,416,platNomor,6,0,414,411
71-E-2478-QK-07-19_jpeg.rf.b797ddff32157a08206295d0bbeb65f9.jpg,416,416,platNomor,4,8,415,412
IMG-20180108-WA0108_jpg.rf.b8acd8d5c6ba62dff1241ef45160b97a.jpg,416,416,platNomor,194,267,243,303
IMG-20180108-WA0092_jpg.rf.becbd0b8a9cd655ef0fcf578f2c47b39.jpg,416,416,platNomor,31,206,60,235
IMG-20180108-WA0092_jpg.rf.becbd0b8a9cd655ef0fcf578f2c47b39.jpg,416,416,platNomor,349,242,385,270
IMG-20180108-WA0092_jpg.rf.becbd0b8a9cd655ef0fcf578f2c47b39.jpg,416,416,platNomor,161,248,196,277
171-E-5605-QZ-12-20_jpeg.rf.bbb89752e81950c0fa1061edc6d5514b.jpg,416,416,platNomor,2,0,415,414
11-E-6562-QO-12-19_jpeg.rf.baae67350256500abf1793b5977902c1.jpg,416,416,platNomor,1,25,415,390
20-E-4221-RL-04-19_jpg.rf.c2bf277bbb9c55abf5888b341c10a829.jpg,416,416,platNomor,0,22,415,406
2-E-6223-PAC-05-21_jpeg.rf.bbe7f1d415fbfcb053ebb0f7b5d13300.jpg,416,416,platNomor,7,12,416,396
97-E-6457-CA-11-21_jpg.rf.beccbb5f82c5fa416ae6c3297c6b7656.jpg,416,416,platNomor,1,7,416,402
138-E-4746-PAI-12-21_jpg.rf.bcfe19244e140103e993a8f99ff6b8da.jpg,416,416,platNomor,2,5,416,401
337-E-3955-PAK-02-22_jpeg.rf.b8b618f3a737c6332e522fb8f2bf2f6c.jpg,416,416,platNomor,18,1,410,415
93-E-5277-PW-09-18_jpg.rf.bf47ea522a5e1fd09d8d8df5df67403e.jpg,416,416,platNomor,14,54,407,381
213-E-4732-TX-05-18_jpeg.rf.b207a8a81242538cef6419c35fe609db.jpg,416,416,platNomor,4,6,403,414
220-E-3246-OP-12-19_jpg.rf.c02fc75f92c15da6e5a9e3bf2a08f79e.jpg,416,416,platNomor,11,0,413,407
224-E-5085-SD-03-19_jpg.rf.bd56e982f61d04a81faf98af65ae4d1d.jpg,416,416,platNomor,10,27,399,384
285-E-5515-QT-06-20_jpeg.rf.a0d453170d54516944668d3e0e8729ee.jpg,416,416,platNomor,3,0,413,413
IMG-20180108-WA0036_jpg.rf.c8ddeb3de07c7ce3a4e9d39bce87f490.jpg,416,416,platNomor,173,118,195,137
IMG-20180108-WA0036_jpg.rf.c8ddeb3de07c7ce3a4e9d39bce87f490.jpg,416,416,platNomor,118,122,138,149
IMG-20180108-WA0036_jpg.rf.c8ddeb3de07c7ce3a4e9d39bce87f490.jpg,416,416,platNomor,33,161,74,203
IMG-20180108-WA0036_jpg.rf.c8ddeb3de07c7ce3a4e9d39bce87f490.jpg,416,416,platNomor,233,230,273,268
IMG-20180108-WA0036_jpg.rf.c8ddeb3de07c7ce3a4e9d39bce87f490.jpg,416,416,platNomor,363,264,406,301
IMG-20180108-WA0022_jpg.rf.b7ecb8f08330d84b3cebd8dae6909f82.jpg,416,416,platNomor,303,225,331,253
IMG-20180108-WA0022_jpg.rf.b7ecb8f08330d84b3cebd8dae6909f82.jpg,416,416,platNomor,384,232,412,263
IMG-20180108-WA0022_jpg.rf.b7ecb8f08330d84b3cebd8dae6909f82.jpg,416,416,platNomor,154,236,186,268
IMG-20180108-WA0022_jpg.rf.b7ecb8f08330d84b3cebd8dae6909f82.jpg,416,416,platNomor,248,238,284,278
IMG-20180108-WA0022_jpg.rf.b7ecb8f08330d84b3cebd8dae6909f82.jpg,416,416,platNomor,45,245,78,281
230-E-3203-TR-11-17_jpg.rf.ba86f7191a04415e3ce7d634c53520cc.jpg,416,416,platNomor,13,30,409,399
IMG-20180108-WA0069_jpg.rf.c606aa985be30b333e60f79ab53c5c49.jpg,416,416,platNomor,103,66,121,82
IMG-20180108-WA0069_jpg.rf.c606aa985be30b333e60f79ab53c5c49.jpg,416,416,platNomor,356,109,384,139
IMG-20180108-WA0069_jpg.rf.c606aa985be30b333e60f79ab53c5c49.jpg,416,416,platNomor,74,147,123,197
IMG-20180108-WA0069_jpg.rf.c606aa985be30b333e60f79ab53c5c49.jpg,416,416,platNomor,274,171,313,214
294-E-2381-QAA-10-22_jpeg.rf.c3c144dc3008c81dc80ea56384515fd0.jpg,416,416,platNomor,22,4,415,412
270-E-2891-TT-01-18_jpg.rf.c8ccb42927f6403bbb76402c62c848af.jpg,416,416,platNomor,14,51,402,391
25-E-2101-PAD-06-21_jpeg.rf.c719f1456c97a88e233c9185e31e16e9.jpg,416,416,platNomor,9,0,415,415
258-E-2895-NB-10-13_jpg.rf.cafbd5c89a219026db16810bb8ae4828.jpg,416,416,platNomor,26,49,410,394
34-E-2987-QC-10-18_jpeg.rf.c598e770ac5df6547eb054cc822633cc.jpg,416,416,platNomor,2,13,411,408
116-E-5241-TP-09-22_jpeg.rf.c366124e58073c348fb1da0c95dbd019.jpg,416,416,platNomor,3,18,415,413
242-E-6733-TN-07-20_jpeg.rf.c967bfb9bb8a61becdb94d5d39581f9a.jpg,416,416,platNomor,5,8,410,415
111-E-6810-IX-05-20_jpg.rf.c63ae246e32d0d12fd3c27ba222b32f0.jpg,416,416,platNomor,13,3,413,407
48-E-6073-OL-09-19_jpg.rf.c79629788e71517d533705b0c01cee16.jpg,416,416,platNomor,3,31,404,394
20171214_121617_jpg.rf.c9792931e7bb308bc565ac053209ee73.jpg,416,416,platNomor,3,18,415,336
IMG-20180108-WA0027_jpg.rf.c55452e668529b04fb03e4cc93e81abe.jpg,416,416,platNomor,231,122,274,167
IMG-20180108-WA0027_jpg.rf.c55452e668529b04fb03e4cc93e81abe.jpg,416,416,platNomor,135,234,192,279
20220530_160402_jpg.rf.cbc7b6a15247cd6e8d68b699a29694bb.jpg,416,416,platNomor,113,184,300,233
IMG-20180108-WA0090_jpg.rf.cc9fd02bd0f1c4c7b5cfe29af94f6fa6.jpg,416,416,platNomor,303,140,341,175
IMG-20180108-WA0090_jpg.rf.cc9fd02bd0f1c4c7b5cfe29af94f6fa6.jpg,416,416,platNomor,146,233,183,264
IMG-20180108-WA0090_jpg.rf.cc9fd02bd0f1c4c7b5cfe29af94f6fa6.jpg,416,416,platNomor,51,230,88,272
IMG-20180108-WA0029_jpg.rf.cc02e2bde8e58a0f2825057f4f2cfa20.jpg,416,416,platNomor,250,173,291,215
IMG-20180108-WA0029_jpg.rf.cc02e2bde8e58a0f2825057f4f2cfa20.jpg,416,416,platNomor,105,191,154,243
118-E-4885-QZ-12-20_jpeg.rf.d1b7d22b29363baf2371de4e65972475.jpg,416,416,platNomor,10,0,415,413
210-E-3166-PAO-06-22_jpeg.rf.ccd88a595588dbb6215e8b3d383ba4ad.jpg,416,416,platNomor,1,5,409,407
WhatsApp-Image-2022-06-07-at-21-29-01_jpeg.rf.ccbdeef7eb25f683375194d1ba6206ea.jpg,416,416,platNomor,40,153,396,308
IMG-20180108-WA0057_jpg.rf.cab8443beea45c9cb346045920b3a8bb.jpg,416,416,platNomor,179,169,215,205
IMG-20180108-WA0057_jpg.rf.cab8443beea45c9cb346045920b3a8bb.jpg,416,416,platNomor,35,173,67,207
IMG-20180108-WA0057_jpg.rf.cab8443beea45c9cb346045920b3a8bb.jpg,416,416,platNomor,317,179,354,222
20171212_100559_jpg.rf.cfd9c4b4a2f34832a35fcaafca1b7daf.jpg,416,416,platNomor,0,7,415,386
244-E-6590-QW-09-20_jpeg.rf.cf79a6b0db055c1289ad01e5271b304b.jpg,416,416,platNomor,0,0,411,391
113-E-2283-RG-10-10_jpg.rf.ccb75390f8a3b2e88c39d5a28a3a76ac.jpg,416,416,platNomor,1,2,414,414
17-E-4172-QC-11-18_jpg.rf.d1fd323464678f7ab15e6a7a50b276e1.jpg,416,416,platNomor,1,9,416,405
186-E-6173-IM-11-18_jpeg.rf.d21e0acd4658fce3aa05a4375d9f2e93.jpg,416,416,platNomor,0,4,415,413
WhatsApp-Image-2022-06-07-at-21-29-04-2-_jpeg.rf.ca4f98a171aa030d833cde0db1bfadc8.jpg,416,416,platNomor,120,148,228,216
123-E-4603-PAE-07-21_jpeg.rf.d26d760b4ba00dc8c6b7230a0a5a9559.jpg,416,416,platNomor,8,7,413,402
250-E-6031-ST-03-21_jpeg.rf.d2eb62debf06ae38580a3126a3be1cd4.jpg,416,416,platNomor,9,0,397,406
232-E-6140-QO-12-19_jpg.rf.d2d5dfbd446f5256e6d44975782e0306.jpg,416,416,platNomor,17,25,415,380
130-E-9967-P-12-22_jpg.rf.d893b495823ca483efcf251ef11b22b3.jpg,416,416,platNomor,1,55,411,394
12-E-2462-QF-02-19_jpeg.rf.bc2b0ce00edb54174aceb972f9bed022.jpg,416,416,platNomor,5,23,410,392
190-E-5621-OV-08-20_jpg.rf.cfef334712c97a96738f0267353dcb13.jpg,416,416,platNomor,0,0,411,406
54-E-5627-SF-06-19_jpg.rf.d33d1bf98b0dea43bb966d903cab7454.jpg,416,416,platNomor,13,28,406,414
92-E-3912-P-05-21_jpg.rf.d4106089bb5b241ffc31f16cc42d07a2.jpg,416,416,platNomor,2,3,410,402
271-E-2381-PAH-10-21_jpeg.rf.c56752bc4e72551e2da2b678a421e838.jpg,416,416,platNomor,1,11,415,415
162-E-4539-RC-11-20_jpg.rf.d74da441c23d7cf555d19e199eaf5a51.jpg,416,416,platNomor,9,43,402,344
278-E-4568-TCK-12-17_jpeg.rf.b6fd4f1b66cf4c948baea1ea5592ccaf.jpg,416,416,platNomor,6,3,415,405
316-E-4895-OL-09-19_jpeg.rf.d755d033a491e9f8c0cf53b5d49dea1d.jpg,416,416,platNomor,3,2,415,391
174-E-2091-SD-01-14_jpeg.rf.de21dbdd97e4c8a7d5676a823fadf2cf.jpg,416,416,platNomor,2,3,415,413
20171211_110711_jpg.rf.d8c28fc43eb607ab106a29705ed2586f.jpg,416,416,platNomor,1,2,415,377
150-E-6686-PAI-01-22_jpg.rf.df3ee273f2e5c5fc57619925b387bdaf.jpg,416,416,platNomor,8,49,408,411
98-E-2521-RQ-04-19_jpg.rf.d4f171ce8e0e20ce852307759b2ccae8.jpg,416,416,platNomor,8,75,348,385
306-E-3270-SJ-08-22_jpeg.rf.d760d7d2138ffbf9cc7f6db6e10269ff.jpg,416,416,platNomor,2,11,415,398
279-E-3405-S-11-20_jpg.rf.d38c48e65d4ea3c665d68c9ff50b2cd1.jpg,416,416,platNomor,23,23,410,400
134-E-2194-Q-07-18_jpeg.rf.d8ad88e5dcdd101da41d7c0ec4d7d5d1.jpg,416,416,platNomor,4,9,397,415
77-E-6295-QL-09-19_jpeg.rf.dff52bc770f45fbc019f4ae2c3957e79.jpg,416,416,platNomor,4,3,413,407
58-E-5158-TP-09-17_jpg.rf.d820e51857f9457a9353e520c694cc43.jpg,416,416,platNomor,0,2,415,411
IMG-20180108-WA0064_jpg.rf.decc215f5433b50ee47675f89bd479cb.jpg,416,416,platNomor,146,232,171,254
IMG-20180108-WA0064_jpg.rf.decc215f5433b50ee47675f89bd479cb.jpg,416,416,platNomor,13,234,38,252
IMG-20180108-WA0064_jpg.rf.decc215f5433b50ee47675f89bd479cb.jpg,416,416,platNomor,339,233,368,256
IMG-20180108-WA0064_jpg.rf.decc215f5433b50ee47675f89bd479cb.jpg,416,416,platNomor,198,236,223,257
IMG-20180108-WA0064_jpg.rf.decc215f5433b50ee47675f89bd479cb.jpg,416,416,platNomor,61,245,85,262
IMG-20180108-WA0064_jpg.rf.decc215f5433b50ee47675f89bd479cb.jpg,416,416,platNomor,262,245,294,268
310-E-6193-QF-02-10_jpeg.rf.d889813b934492c25d6212b5b87b411c.jpg,416,416,platNomor,13,21,408,411
257-E-4553-QT-06-20_jpg.rf.e1e1a1dcb7774dc027c6267dcd0078d9.jpg,416,416,platNomor,6,67,395,369
IMG-20180108-WA0098_jpg.rf.e07bfb301e719464d2470882251b3ea1.jpg,416,416,platNomor,239,274,302,333
IMG-20180108-WA0039_jpg.rf.e25d29582c2954c2922efd9e15fc1963.jpg,416,416,platNomor,194,217,244,266
IMG-20180108-WA0039_jpg.rf.e25d29582c2954c2922efd9e15fc1963.jpg,416,416,platNomor,317,228,372,275
IMG-20180108-WA0039_jpg.rf.e25d29582c2954c2922efd9e15fc1963.jpg,416,416,platNomor,26,227,73,278
203-E-3071-TC-10-21_jpg.rf.e1897370443bdb0e3d75a76d2b2f28cc.jpg,416,416,platNomor,7,37,403,382
159-E-5084-RY-08-21_jpg.rf.dfb511a47ebf0797fd7bc1c347a96a95.jpg,416,416,platNomor,9,21,410,411
20171211_160452_jpg.rf.e3c5439277ad45eaeba573139b4e1562.jpg,416,416,platNomor,3,43,416,343
173-E-4019-TL-05-22_jpg.rf.e786a79154536b3955b9959ee78d2f01.jpg,416,416,platNomor,1,0,416,415
153-E-6930-RS-09-12_jpeg.rf.e8dd0e2b0e0d2f6cf2b6cced39187cf5.jpg,416,416,platNomor,7,3,403,406
101-E-4604-PS-09-17_jpeg.rf.e9d692aebce1982fa4a32c8ff446c261.jpg,416,416,platNomor,10,16,415,409
245-E-6941-PAP-08-22_jpeg.rf.e1a9f241abf0a650e8d5a8c5457ec613.jpg,416,416,platNomor,4,18,416,415
69-E-5792-TT-01-22_jpg.rf.e9deac9fc360891aef3200023b58391d.jpg,416,416,platNomor,16,9,398,375
67-E-4387-SK-11-21_jpeg.rf.e42f71286d9ef944461d3e029f1e1a82.jpg,416,416,platNomor,5,14,414,412
IMG-20180108-WA0096_jpg.rf.ea58e49b14f08820f2e7166cf62d88d8.jpg,416,416,platNomor,196,233,256,273
235-E-1893-PQ-01-19_jpg.rf.e30d17c355391558faa2162b3aba82ab.jpg,416,416,platNomor,2,23,398,405
43-E-5736-PAQ-09-22_jpeg.rf.e29c0a4ae6873f20fa227d7b4c449ecb.jpg,416,416,platNomor,0,9,414,412
IMG-20180108-WA0106_jpg.rf.e5524ecd16f9571e94d0899f62e1a43c.jpg,416,416,platNomor,105,156,157,203
IMG-20180108-WA0106_jpg.rf.e5524ecd16f9571e94d0899f62e1a43c.jpg,416,416,platNomor,244,168,296,209
IMG-20180108-WA0106_jpg.rf.e5524ecd16f9571e94d0899f62e1a43c.jpg,416,416,platNomor,119,46,150,76
228-E-6450-TM-06-22_jpeg.rf.e8d1c857f76c762176807712c5684463.jpg,416,416,platNomor,3,14,415,413
167-E-4314-RP-01-22_jpeg.rf.e5c68b15f921965cb61cb198430ba4f4.jpg,416,416,platNomor,7,26,412,407
249-E-3507-TS-12-17_jpeg.rf.e87af0855e73f16ff9e2aa7ca8a6eb90.jpg,416,416,platNomor,15,7,395,388
78-E-1245-RG-02-20_jpg.rf.006213b6bb1c94e3d381e6c790599f33.jpg,416,416,platNomor,28,75,391,360
35-E-5026-SF-06-18_jpeg.rf.00e0b00e2a57d0770792a387d8f90c93.jpg,416,416,platNomor,0,1,414,405
352-E-5053-RG-09-20_jpeg.rf.042fc606da451ebf3bd53a322ef65a8a.jpg,416,416,platNomor,2,4,412,409
20220530_160237_jpg.rf.01d42c22642e0fa56781daa87b974723.jpg,416,416,platNomor,135,159,277,306
20171211_132834_jpg.rf.040f00fd8c960e339dd219751db70936.jpg,416,416,platNomor,5,41,416,384
20171211_110634_jpg.rf.03af3ee3afb1b44b13f773b57ce583c9.jpg,416,416,platNomor,11,66,416,374
211-E-3313-QX-10-20_jpeg.rf.02ef162ee6d4496e2bc7b40cfb3836f0.jpg,416,416,platNomor,0,68,415,361
312-E-3212-OL-08-19_jpg.rf.0311154169ab1254b805c9e0e1bfea2b.jpg,416,416,platNomor,9,11,401,405
IMG-20180108-WA0048_jpg.rf.08465c6c3bb4c7da2c5563cca078dd47.jpg,416,416,platNomor,301,186,315,201
IMG-20180108-WA0048_jpg.rf.08465c6c3bb4c7da2c5563cca078dd47.jpg,416,416,platNomor,330,214,353,238
IMG-20180108-WA0048_jpg.rf.08465c6c3bb4c7da2c5563cca078dd47.jpg,416,416,platNomor,88,239,110,267
IMG-20180108-WA0048_jpg.rf.08465c6c3bb4c7da2c5563cca078dd47.jpg,416,416,platNomor,158,248,181,267
IMG-20180108-WA0048_jpg.rf.08465c6c3bb4c7da2c5563cca078dd47.jpg,416,416,platNomor,20,253,43,272
IMG-20180108-WA0048_jpg.rf.08465c6c3bb4c7da2c5563cca078dd47.jpg,416,416,platNomor,268,254,291,278
IMG-20180108-WA0048_jpg.rf.08465c6c3bb4c7da2c5563cca078dd47.jpg,416,416,platNomor,209,255,233,278
IMG-20180108-WA0066_jpg.rf.043f959cbbb894ba164d9b1354f98e3c.jpg,416,416,platNomor,340,179,372,214
IMG-20180108-WA0066_jpg.rf.043f959cbbb894ba164d9b1354f98e3c.jpg,416,416,platNomor,200,186,231,214
IMG-20180108-WA0066_jpg.rf.043f959cbbb894ba164d9b1354f98e3c.jpg,416,416,platNomor,45,210,77,246
20220530_160700_jpg.rf.06233fd9c617d87169bb15e5ec37045d.jpg,416,416,platNomor,134,197,309,236
IMG-20180108-WA0065_jpg.rf.04556efe65c5249af273f2722dfdf018.jpg,416,416,platNomor,90,171,129,209
IMG-20180108-WA0065_jpg.rf.04556efe65c5249af273f2722dfdf018.jpg,416,416,platNomor,207,183,241,219
IMG-20180108-WA0065_jpg.rf.04556efe65c5249af273f2722dfdf018.jpg,416,416,platNomor,309,192,340,223
20171214_091545_jpg.rf.07d89171f626b5a6122571757627969a.jpg,416,416,platNomor,1,48,416,380
175-E-6962-PAA-02-21_jpeg.rf.0b2fa7f20be3e60d124282fcbb3e65d1.jpg,416,416,platNomor,2,7,415,414
20171211_110642_jpg.rf.03cf0104b614a4d0dac5c81aff49e25a.jpg,416,416,platNomor,0,63,415,397
IMG-20180108-WA0030_jpg.rf.0501d1195bc0bec32a5f200ff47f1cc6.jpg,416,416,platNomor,181,185,271,203
341-E-6047-QT-07-20_jpg.rf.0a4f70cbe5d6b7adff2db5564a22c819.jpg,416,416,platNomor,15,24,405,387
95-E-6686-SK-01-20_jpeg.rf.0710ef78485d2698d4bfaa60e9a1bbfa.jpg,416,416,platNomor,3,10,415,384
315-E-6091-TV-04-18_jpg.rf.0af4e934328e19b95885afe02e2772ee.jpg,416,416,platNomor,20,47,406,383
75-E-2956-RP-03-22_jpeg.rf.0ba837dddb2fb4eb1b64772d461bcfbc.jpg,416,416,platNomor,10,8,411,393
280-E-4813-PL-04-20_jpeg.rf.0c99e41ac96f0247f0c7854f2f0d921d.jpg,416,416,platNomor,6,0,415,398
IMG-20180108-WA0060_jpg.rf.123dadf095e5f8f844800c2cf2f9282e.jpg,416,416,platNomor,131,202,176,246
IMG-20180108-WA0060_jpg.rf.123dadf095e5f8f844800c2cf2f9282e.jpg,416,416,platNomor,261,244,323,300
IMG-20180108-WA0119_jpg.rf.086a055a481208c64ec42a924947057c.jpg,416,416,platNomor,275,193,309,221
IMG-20180108-WA0119_jpg.rf.086a055a481208c64ec42a924947057c.jpg,416,416,platNomor,115,234,150,259
20171212_100546_jpg.rf.044c2331c4ba844fb82834998c10db37.jpg,416,416,platNomor,3,1,415,335
281-E-5503-TI-02-20_jpeg.rf.04f3b6bebe53bc126ad932845e5c096b.jpg,416,416,platNomor,0,19,415,398
91-E-6554-ZL-05-22_jpg.rf.0e757f9e3ef66083200bd7d353c92a86.jpg,416,416,platNomor,0,34,415,410
274-E-4558-SH-08-18_jpeg.rf.0454d19f5b767d885809c687853dab7a.jpg,416,416,platNomor,0,2,407,405
127-E-6932-TW-05-18_jpg.rf.1061e43ae6af058359689d7dcac96f18.jpg,416,416,platNomor,20,19,403,386
327-E-5071-SS-01-21_jpg.rf.0d0a955cc7e03a3a2ee62380e076af6d.jpg,416,416,platNomor,10,21,401,410
137-E-4958-QS-05-20_jpg.rf.00104a99ed6e04cb8d84d073db86e742.jpg,416,416,platNomor,4,40,410,384
photo_2022-05-30_17-53-00_jpg.rf.1432a580e54abead37576d98cb1100d5.jpg,416,416,platNomor,140,177,280,274
336-E-2909-TP-12-21_jpeg.rf.0db5a77049bce3125c1983e288768bdd.jpg,416,416,platNomor,6,3,411,397
83-E-4147-QJ-06-19_jpeg.rf.14d381a0771f822e29deb2ba98054446.jpg,416,416,platNomor,29,0,413,397
275-E-4986-SO-10-20_jpg.rf.13be294a9e368430646f81ef7514ffad.jpg,416,416,platNomor,8,1,404,394
132-E-6298-SS-01-21_jpg.rf.15f13088320a6a6dfd827ae1376c8d2c.jpg,416,416,platNomor,4,34,409,364
188-E-2647-SL-01-20_jpeg.rf.0889bff48d76ac3fc4e42a9db40191a3.jpg,416,416,platNomor,6,0,408,412
photo_2022-05-30_17-52-34_jpg.rf.162a949ee0b6dec101b874f33dca6c0e.jpg,416,416,platNomor,167,177,304,275
20220530_160535_jpg.rf.135a21dc65169a5005cd28e12fcd468a.jpg,416,416,platNomor,153,131,207,183
IMG-20180108-WA0024_jpg.rf.0e97011bc44dd621969af09ec1f4fe20.jpg,416,416,platNomor,210,218,236,227
IMG-20180108-WA0024_jpg.rf.0e97011bc44dd621969af09ec1f4fe20.jpg,416,416,platNomor,233,233,264,241
238-E-5241-TR-11-22_jpg.rf.10143cd7851344316dcf5e23d55c8100.jpg,416,416,platNomor,10,16,403,412
261-E-4991-TP-09-17_jpg.rf.16a71e62fcd7e1041230a6d11dc89426.jpg,416,416,platNomor,15,53,407,374
99-E-2984-TW-04-18_jpg.rf.175505ee9e8b25c7fe4349846b45991b.jpg,416,416,platNomor,20,47,405,380
20220530_160247_jpg.rf.1949a54f67713af514b542924b698dd1.jpg,416,416,platNomor,168,169,250,258
87-E-6673-ZQ-04-18_jpg.rf.195e6a9f95912794a0d5e69f1d3fa9cd.jpg,416,416,platNomor,9,13,415,406
317-E-5064-SE-05-19_jpeg.rf.1a1d8d787d7d23041662e939beb1963e.jpg,416,416,platNomor,3,3,416,413
172-E-6526-QX-11-20_jpg.rf.16c6da93b5263e87e9e6d202264911ad.jpg,416,416,platNomor,0,0,415,414
214-E-2086-RI-01-21_jpeg.rf.1e5bbc106118de8be994e7e924346638.jpg,416,416,platNomor,0,12,408,394
photo_2022-05-30_17-52-24_jpg.rf.16417793284d0e30327aa41bb1650fd3.jpg,416,416,platNomor,149,286,277,317
163-E-6804-RV-02-19_jpeg.rf.198b93e7364728c5b41ff9f2a7260f16.jpg,416,416,platNomor,11,14,415,412
194-E-6037-SF-06-19_jpeg.rf.1f412bb706aa3249d564cb375b60e3a1.jpg,416,416,platNomor,3,3,407,413
20220530_160309_jpg.rf.1ec8c987092790d55990182d4e5ac799.jpg,416,416,platNomor,167,186,260,267
114-E-3536-O-06-10_jpg.rf.194eff1edda88dec5ab2abaf1e27a1b3.jpg,416,416,platNomor,7,31,392,394
20220530_160541_jpg.rf.1d56840cc61ca10d9a9f614a354b940d.jpg,416,416,platNomor,110,158,216,183
photo_2022-05-30_17-52-54_jpg.rf.1d56053a185d0dc2c7cb05080c87bd47.jpg,416,416,platNomor,127,166,274,251
303-E-6888-SC-11-21_jpg.rf.1faca3f55a4819a81b995f1c83ecb7cc.jpg,416,416,platNomor,33,39,393,344
350-E-3577-PAI-12-21_jpg.rf.1eb5cd46ec6825b1fff41ed1a0cb1964.jpg,416,416,platNomor,12,3,410,366
IMG-20180108-WA0093_jpg.rf.1be960d1655fe3190722eb5a95801053.jpg,416,416,platNomor,155,213,253,237
221-E-3683-RN-10-21_jpg.rf.1cbbfc2c9bc4c5f0e870392d3e2bcd6f.jpg,416,416,platNomor,16,34,393,381
351-E-6730-RC-07-19_jpeg.rf.1f75d48d454f74cf30f59343e2152e75.jpg,416,416,platNomor,8,9,406,411
332-E-4876-Q-08-18_jpg.rf.1ea0c31d46da495bf93d8b6ff86afffb.jpg,416,416,platNomor,12,42,404,364
1-E-3977-QM-09-19_jpeg.rf.20422e580266512fd78e956179b28fa1.jpg,416,416,platNomor,1,6,416,415
53-E-3288-QU-06-20_jpg.rf.19a2863f85be381aa5d5626f1378bcc5.jpg,416,416,platNomor,14,24,412,392
148-E-3052-QU-06-20_jpg.rf.20631bbc3ebfd4af9d1f7a5fb38f91f7.jpg,416,416,platNomor,0,6,416,415
216-E-4406-PAG-09-21_jpeg.rf.1f62169244a1a530381ed6928218ed89.jpg,416,416,platNomor,6,4,415,414
IMG-20180108-WA0104_jpg.rf.2135bbbf632f639621c4ff6b345f44e9.jpg,416,416,platNomor,152,150,295,204
20220530_160326_jpg.rf.2dba0e3531c5f68cf53a0cbf405f6240.jpg,416,416,platNomor,148,187,215,257
361-E-3193-PS-08-17_jpeg.rf.1dc48ec4ac4fe8c750a01d5b434a6ed8.jpg,416,416,platNomor,5,6,411,404
IMG-20180108-WA0075_jpg.rf.21d9e530b13ca20a9831141c8e6b6d57.jpg,416,416,platNomor,297,147,342,209
IMG-20180108-WA0075_jpg.rf.21d9e530b13ca20a9831141c8e6b6d57.jpg,416,416,platNomor,68,184,105,233
IMG-20180108-WA0075_jpg.rf.21d9e530b13ca20a9831141c8e6b6d57.jpg,416,416,platNomor,161,218,199,260
IMG-20180108-WA0075_jpg.rf.21d9e530b13ca20a9831141c8e6b6d57.jpg,416,416,platNomor,263,31,289,63
IMG-20180108-WA0109_jpg.rf.25ad4aa1d304837617cf1139436102d8.jpg,416,416,platNomor,317,208,353,250
IMG-20180108-WA0109_jpg.rf.25ad4aa1d304837617cf1139436102d8.jpg,416,416,platNomor,232,220,264,254
IMG-20180108-WA0109_jpg.rf.25ad4aa1d304837617cf1139436102d8.jpg,416,416,platNomor,86,229,115,260
IMG-20180108-WA0109_jpg.rf.25ad4aa1d304837617cf1139436102d8.jpg,416,416,platNomor,9,271,42,305
photo_2022-05-30_17-52-44_jpg.rf.227a8ee913981e1de573236129baec4a.jpg,416,416,platNomor,174,181,300,263
145-E-2035-SO-07-20_jpeg.rf.2b4ef35645026a77281ef310b36bb0af.jpg,416,416,platNomor,3,3,415,413
267-E-2747-TS-12-17_jpg.rf.26b52517396ecfd5ca5e54371ad63f71.jpg,416,416,platNomor,1,25,413,401
28-E-2393-TT-01-18_jpeg.rf.25ba012e363dde656faaa74e213ca5f4.jpg,416,416,platNomor,0,8,410,388
364-E-6528-P-11-18_jpeg.rf.2d02d7cd058b7ac542712c1c2283bd70.jpg,416,416,platNomor,23,30,410,367
353-E-6270-SM-06-20_jpeg.rf.2ea089092b14062f9917ab39bd2afc54.jpg,416,416,platNomor,3,28,412,381
177-E-2380-SA-09-18_jpg.rf.24799fc77daf0087180fec99260e05b7.jpg,416,416,platNomor,3,0,413,409
191-E-3690-ZV-02-20_jpg.rf.2ad37b2bdbb62645402ee7716dceaa4e.jpg,416,416,platNomor,0,18,416,415
IMG-20180108-WA0071_jpg.rf.22a79d2626a4e250adb157ca3e600e25.jpg,416,416,platNomor,314,90,335,112
IMG-20180108-WA0071_jpg.rf.22a79d2626a4e250adb157ca3e600e25.jpg,416,416,platNomor,203,155,244,201
IMG-20180108-WA0074_jpg.rf.2e3a6a8b745f9462e07f28c34fd992b1.jpg,416,416,platNomor,53,207,89,228
IMG-20180108-WA0074_jpg.rf.2e3a6a8b745f9462e07f28c34fd992b1.jpg,416,416,platNomor,326,218,347,235
IMG-20180108-WA0074_jpg.rf.2e3a6a8b745f9462e07f28c34fd992b1.jpg,416,416,platNomor,229,245,257,263
227-E-2075-OD-11-18_jpg.rf.1f10117bd0a968e4b048b8f18f2836f7.jpg,416,416,platNomor,5,13,411,391
154-E-6151-PAL-04-22_jpg.rf.25a1602cc476dd5622df60cb6f8720c0.jpg,416,416,platNomor,0,0,415,413
239-E-6326-TQ-04-19_jpg.rf.2327885f2a2629de0bc238cfc9f19f85.jpg,416,416,platNomor,8,18,395,386
189-E-5182-QO-11-19_jpg.rf.28fc22747ff4f2d16d033c0a0bf98efa.jpg,416,416,platNomor,2,12,413,407
233-E-3407-PAB-03-21_jpg.rf.23798a7362483ba486aaa69fd35d96fe.jpg,416,416,platNomor,13,31,409,384
222-E-4578-TL-15-22_jpeg.rf.32a614943f6d47dc8b57065497b5a79c.jpg,416,416,platNomor,0,27,415,392
82-E-4993-TI-01-22_jpg.rf.32a02cdee719dd6eeae3003e7235de4c.jpg,416,416,platNomor,17,56,404,377
IMG-20180108-WA0032_jpg.rf.234781ac7bdfce57dde055acd26ae0d9.jpg,416,416,platNomor,260,208,297,243
IMG-20180108-WA0032_jpg.rf.234781ac7bdfce57dde055acd26ae0d9.jpg,416,416,platNomor,53,227,94,268
IMG-20180108-WA0032_jpg.rf.234781ac7bdfce57dde055acd26ae0d9.jpg,416,416,platNomor,136,243,180,284
27-E-3524-PAG-09-21_jpeg.rf.29fe9c718a3322221faa7ce349bb3131.jpg,416,416,platNomor,1,8,415,414
264-E-2458-SV-05-16_jpeg.rf.335593c4d09d1d3d452dcaf84c1b02e2.jpg,416,416,platNomor,6,8,403,372
46-E-4531-TV-04-18_jpeg.rf.2f89d8ddb37ce8d4a92f98fd9f2b4d4b.jpg,416,416,platNomor,2,0,416,415
57-E-5893-SH-05-20_jpg.rf.3634fc13716b471f128371e23f34af74.jpg,416,416,platNomor,4,19,408,391
204-E-6936-TF-10-21_jpg.rf.2eb2c64f785eeac3cf775b04e458b778.jpg,416,416,platNomor,7,21,415,347
68-E-1267-RB-01-21_jpg.rf.35bd6159e105b1f4cd3b784fe901b957.jpg,416,416,platNomor,15,12,413,398
IMG-20180108-WA0052_jpg.rf.30d4b427007a70b208cdce2b532f6cc7.jpg,416,416,platNomor,336,120,374,160
IMG-20180108-WA0052_jpg.rf.30d4b427007a70b208cdce2b532f6cc7.jpg,416,416,platNomor,45,124,85,174
IMG-20180108-WA0052_jpg.rf.30d4b427007a70b208cdce2b532f6cc7.jpg,416,416,platNomor,146,162,198,207
20171212_141155_jpg.rf.3543ca5ec114e9140775853aa01b2c7b.jpg,416,416,platNomor,0,59,416,370
20171211_160434_jpg.rf.31646024c5865b31ec1aa9327198306e.jpg,416,416,platNomor,0,34,415,369
IMG-20180108-WA0112_jpg.rf.2f8d9b41068cbceb4467805676015225.jpg,416,416,platNomor,34,225,68,264
IMG-20180108-WA0112_jpg.rf.2f8d9b41068cbceb4467805676015225.jpg,416,416,platNomor,96,230,127,259
IMG-20180108-WA0112_jpg.rf.2f8d9b41068cbceb4467805676015225.jpg,416,416,platNomor,233,241,268,270
IMG-20180108-WA0112_jpg.rf.2f8d9b41068cbceb4467805676015225.jpg,416,416,platNomor,355,236,397,278
179-E-3934-PAI-12-21_jpg.rf.1a280aadde8ac3cfc9fa88bfe0c01708.jpg,416,416,platNomor,10,56,414,392
6-E-3237-QY-11-20_jpeg.rf.37201dae5561dd5cc8c04fe7491d37f6.jpg,416,416,platNomor,6,18,413,402
219-E-6312-SW-07-21_jpeg.rf.32b3e0ecfac174a79fbf5501fca03ce9.jpg,416,416,platNomor,17,0,415,404
237-E-3243-QN-12-17_jpeg.rf.36fac82c09e56b1509d247e129611e00.jpg,416,416,platNomor,3,8,404,407
335-E-3405-PAH-10-21_jpeg.rf.33b44df67b15c03d5fd2e5fbd45defcb.jpg,416,416,platNomor,6,23,408,408
308-E-5024-SO-09-20_jpg.rf.386e3bb758c3d4c4857d2f07814c97fd.jpg,416,416,platNomor,8,44,413,366
20171212_142228_jpg.rf.355b9956cabb982e3479fdab8688b614.jpg,416,416,platNomor,0,18,416,309
WhatsApp-Image-2022-06-07-at-21-28-58_jpeg.rf.33936db2cc935e1c49cad2435e43d667.jpg,416,416,platNomor,138,18,340,407
198-E-3040-SI-09-19_jpeg.rf.34d5cf49b180acd4a2cfc856c8f9cb49.jpg,416,416,platNomor,6,7,415,415
IMG-20180108-WA0020_jpg.rf.3782b9bd632c8471e16d430fe8679c45.jpg,416,416,platNomor,189,220,287,244
147-E-2881-QAA-10-22_jpg.rf.37ef682cb53a0e0fa9c9b5c72aeec817.jpg,416,416,platNomor,7,18,409,410
240-E-9999-AA-02-19_jpeg.rf.39d21c5f7ed4cce52ab91ef3381ba495.jpg,416,416,platNomor,9,9,415,404
20171212_073402_jpg.rf.36c272be2ac75b285ef9aea26bd24b3b.jpg,416,416,platNomor,0,45,415,381
129-E-6410-TX-06-18_jpeg.rf.37ea5a1dccbd47dd72f5d9a14527f538.jpg,416,416,platNomor,10,7,406,406
307-E-4238-QC-11-18_jpeg.rf.3a32bdb748c41fd59deb6be6b9ae0b89.jpg,416,416,platNomor,0,0,415,407
343-E-6894-SB-11-19_jpeg.rf.33318c9aaa9ca292725c7a2f1690fae5.jpg,416,416,platNomor,4,0,412,413
359-E-6270-OZ-01-21_jpg.rf.3ee251b8a932d20ef04109959896a46c.jpg,416,416,platNomor,12,16,415,396
319-E-3547-RR-06-12_jpg.rf.38c38f6ca0b02ab18ea6866bd804c31e.jpg,416,416,platNomor,13,57,402,386
23-E-2694-SI-09-19_jpg.rf.3cc2960a92ec5740d4899df0e07b4bae.jpg,416,416,platNomor,10,22,390,335
149-E-4217-TT-01-18_jpeg.rf.3aa4b92a173aa85eb050fb5927f72f8e.jpg,416,416,platNomor,0,24,415,376
109-E-4026-SL-02-20_jpg.rf.4195376c80b87182d895c63b6372dc7d.jpg,416,416,platNomor,8,33,406,397
IMG-20180108-WA0103_jpg.rf.3f1f9972bd7efa44bd560fa14e1f5e25.jpg,416,416,platNomor,226,186,254,215
IMG-20180108-WA0103_jpg.rf.3f1f9972bd7efa44bd560fa14e1f5e25.jpg,416,416,platNomor,38,195,73,220
IMG-20180108-WA0103_jpg.rf.3f1f9972bd7efa44bd560fa14e1f5e25.jpg,416,416,platNomor,127,359,195,413
125-E-4172-QB-11-22_jpeg.rf.3c61c1795bcf97cf9e05dde23bc459ab.jpg,416,416,platNomor,7,4,406,415
160-E-2707-SP-11-21_jpeg.rf.3519b262fe154753c6392f8fa6eb6e58.jpg,416,416,platNomor,11,0,411,376
WhatsApp-Image-2022-06-07-at-21-29-05_jpeg.rf.3f99a718c031c4ea1367dd61c803c87e.jpg,416,416,platNomor,47,128,310,282
20220530_160459_jpg.rf.40c9fc754ae954a9a2a840efafb8bd69.jpg,416,416,platNomor,94,226,279,268
20220530_160407_jpg.rf.3df330299d14a319a2adad11129c9a4c.jpg,416,416,platNomor,98,182,316,238
20220530_160655_jpg.rf.43b815d562abe53330c33e8bb2201398.jpg,416,416,platNomor,100,234,307,275
20220530_160657_jpg.rf.3b93b0a9f790ba9ac0ac99b02a376d05.jpg,416,416,platNomor,75,189,279,231
15-E-3088-PAK-02-22_jpg.rf.464fbef682381e7d59158b394727f0f5.jpg,416,416,platNomor,36,3,415,413
29-E-3978-SC-12-21_jpeg.rf.3b2c273777a8f0212c1bf9b5e83281ae.jpg,416,416,platNomor,2,0,416,415
119-E-4538-QK-08-19_jpeg.rf.3c454c9b5b88a9a8e5d0b140c5c388a8.jpg,416,416,platNomor,8,9,409,399
IMG-20180108-WA0019_jpg.rf.41929b920f30982436d328a3329b85cb.jpg,416,416,platNomor,353,154,393,194
IMG-20180108-WA0019_jpg.rf.41929b920f30982436d328a3329b85cb.jpg,416,416,platNomor,242,174,273,207
IMG-20180108-WA0019_jpg.rf.41929b920f30982436d328a3329b85cb.jpg,416,416,platNomor,7,178,39,205
IMG-20180108-WA0019_jpg.rf.41929b920f30982436d328a3329b85cb.jpg,416,416,platNomor,128,206,159,236
292-E-4890-QE-01-19_jpeg.rf.465f8f562837b9e0417f22be25f3cebd.jpg,416,416,platNomor,6,0,410,413
178-E-5430-SL-02-20_jpg.rf.4443fb2ec1712b572b111314fedfc1ec.jpg,416,416,platNomor,8,26,416,404
290-E-2157-PAO-06-22_jpeg.rf.426f8e06192c51ca8a984916a77138e8.jpg,416,416,platNomor,0,3,415,406
120-E-6464-TI-05-18_jpg.rf.46bc820f89214e2d9841fdad632d14a2.jpg,416,416,platNomor,18,60,395,394
20171211_110659_jpg.rf.44572fc617e2a1334479d5833d710bef.jpg,416,416,platNomor,0,16,416,351
104-E-4939-PAE-07-21_jpeg.rf.45eb6b1067e0852141a42fd364bfac1b.jpg,416,416,platNomor,0,11,414,406
112-E-5718-OT-06-20_jpg.rf.40867f18ef42c17a0dde903edb9aa69c.jpg,416,416,platNomor,0,9,412,398
IMG-20180108-WA0068_jpg.rf.46f817766ac6f5124880eac906586c9c.jpg,416,416,platNomor,95,205,124,231
IMG-20180108-WA0068_jpg.rf.46f817766ac6f5124880eac906586c9c.jpg,416,416,platNomor,252,207,272,232
IMG-20180108-WA0068_jpg.rf.46f817766ac6f5124880eac906586c9c.jpg,416,416,platNomor,8,215,38,237
IMG-20180108-WA0068_jpg.rf.46f817766ac6f5124880eac906586c9c.jpg,416,416,platNomor,165,215,189,239
IMG-20180108-WA0068_jpg.rf.46f817766ac6f5124880eac906586c9c.jpg,416,416,platNomor,308,217,333,244
IMG-20180108-WA0078_jpg.rf.463b8b49c52f736b97e70eeaba6c4539.jpg,416,416,platNomor,319,110,353,145
IMG-20180108-WA0078_jpg.rf.463b8b49c52f736b97e70eeaba6c4539.jpg,416,416,platNomor,104,204,164,275
96-E-5942-TM-06-17_jpeg.rf.468021721d824de0b6787febe4964fbf.jpg,416,416,platNomor,0,5,413,399
IMG-20180108-WA0087_jpg.rf.480a288216e6401c1772086c38bbd8c5.jpg,416,416,platNomor,226,236,242,255
IMG-20180108-WA0087_jpg.rf.480a288216e6401c1772086c38bbd8c5.jpg,416,416,platNomor,272,251,296,272
287-E-6272-PAJ-02-22_jpeg.rf.4a89e17968faf72d60e82d3a3b002f38.jpg,416,416,platNomor,4,3,412,415
320-E-3796-PY-05-20_jpg.rf.4a47143684521fbe2ac056ec53d676fe.jpg,416,416,platNomor,0,4,415,406
88-E-3118-QP-01-20_jpeg.rf.475961c0472c8e808e1818d3eab12720.jpg,416,416,platNomor,0,34,415,405
60-E-1707-PH-03-15_jpeg.rf.52de5728861b3ede355cc92c8d955742.jpg,416,416,platNomor,3,4,409,400
234-E-3904-P-03-16_jpg.rf.5244c9a9e3794f44cec4e58dbfcc8abb.jpg,416,416,platNomor,7,41,409,376
13-E-5313-TF-10-16_jpeg.rf.471a6634d7d9842050a96f136903beb8.jpg,416,416,platNomor,11,12,413,414
IMG-20180108-WA0028_jpg.rf.4ccb54aa05178dabb22a706599a1251b.jpg,416,416,platNomor,44,226,65,261
IMG-20180108-WA0028_jpg.rf.4ccb54aa05178dabb22a706599a1251b.jpg,416,416,platNomor,126,238,150,269
IMG-20180108-WA0028_jpg.rf.4ccb54aa05178dabb22a706599a1251b.jpg,416,416,platNomor,175,282,200,316
IMG-20180108-WA0028_jpg.rf.4ccb54aa05178dabb22a706599a1251b.jpg,416,416,platNomor,372,295,411,338
346-E-6511-QV-09-20_jpg.rf.508803b2432c416980692d3a77d10dc0.jpg,416,416,platNomor,3,2,411,414
5-E-6862-QT-06-20_jpg.rf.4f53db41faef7b95cfd7a370cb67f738.jpg,416,416,platNomor,12,10,407,405
324-E-5854-PAP-08-22_jpeg.rf.5015d7b4739aea8618eb89821aa53a9d.jpg,416,416,platNomor,7,3,415,413
40-E-2324-OM-09-19_jpg.rf.54c3b0f300b64bd5890ff7665f29d240.jpg,416,416,platNomor,4,10,413,406
20171212_141203_jpg.rf.54222faf784bcfce002d13d1f8ad0af5.jpg,416,416,platNomor,0,37,416,362
205-E-5880-RF-10-18_jpeg.rf.509f9eb2fde8f44639cc362dc23a71dd.jpg,416,416,platNomor,0,14,415,388
248-E-4212-SS-01-21_jpeg.rf.50d8b19a415cb0ec8672a4e51507d9b0.jpg,416,416,platNomor,0,8,415,405
344-E-6393-TZ-07-18_jpeg.rf.500479dbc9ef807174932ec131c3e008.jpg,416,416,platNomor,10,23,410,379
20171212_073548_jpg.rf.5644b05d7820b6f6886d96415e711734.jpg,416,416,platNomor,3,49,415,358
354-E-6250-PAJ-02-22_jpeg.rf.4a96519e6f11daa8e6eef7d532af6586.jpg,416,416,platNomor,0,0,416,402
70-E-4310-OR-03-20_jpeg.rf.5323e95e4fb58dc8a27734ebbb54c9ad.jpg,416,416,platNomor,14,4,410,403
63-E-2536-SA-09-18_jpg.rf.4c8a90e4867c80e090622f91df340858.jpg,416,416,platNomor,7,27,407,406
20171211_122519_jpg.rf.54ef600159058650b6444cb55478e304.jpg,416,416,platNomor,0,49,416,373
24-E-6520-PAC-05-21_jpeg.rf.536fc40b0ec4534f3e98c482a148b597.jpg,416,416,platNomor,5,13,407,410
229-E-4951-QE-02-19_jpg.rf.5200aae4e02cc21047265d34a2f0c823.jpg,416,416,platNomor,11,17,415,415
297-E-1169-PY-05-20_jpg.rf.57c9a920aea442dd5f37d5eab4a592da.jpg,416,416,platNomor,6,20,412,413
59-E-2153-SP-08-20_jpeg.rf.5815779de702bc1817ee2332dd43849c.jpg,416,416,platNomor,0,0,415,409
318-E-5827-QT-06-20_jpg.rf.58c6f4243a78aca0e888accfa36df913.jpg,416,416,platNomor,31,33,401,393
IMG-20180108-WA0110_jpg.rf.58163854f66a9e509801b4262b2834d7.jpg,416,416,platNomor,203,236,219,247
IMG-20180108-WA0118_jpg.rf.58816665a9a1d8e6a1c5b398208c30d4.jpg,416,416,platNomor,233,175,273,218
IMG-20180108-WA0118_jpg.rf.58816665a9a1d8e6a1c5b398208c30d4.jpg,416,416,platNomor,66,175,106,236
IMG-20180108-WA0118_jpg.rf.58816665a9a1d8e6a1c5b398208c30d4.jpg,416,416,platNomor,325,197,363,238
85-E-2686-QH-04-19_jpeg.rf.5ce7eeb298d459cdc401238801069c23.jpg,416,416,platNomor,1,27,412,380
20220530_160607_jpg.rf.4ccaeb541ff0d78596e69ed8f4395631.jpg,416,416,platNomor,127,163,286,193
IMG-20180108-WA0081_jpg.rf.56f0fafc6dd06ef6437120f62a943cd2.jpg,416,416,platNomor,264,160,297,191
IMG-20180108-WA0081_jpg.rf.56f0fafc6dd06ef6437120f62a943cd2.jpg,416,416,platNomor,122,187,150,208
IMG-20180108-WA0018_jpg.rf.55d4b732c97def69fa3432d677ce0853.jpg,416,416,platNomor,117,220,158,256
IMG-20180108-WA0018_jpg.rf.55d4b732c97def69fa3432d677ce0853.jpg,416,416,platNomor,259,233,309,271
IMG-20180108-WA0063_jpg.rf.59d66c5712701c6b1f9c07228ab0fcdf.jpg,416,416,platNomor,339,170,358,192
IMG-20180108-WA0063_jpg.rf.59d66c5712701c6b1f9c07228ab0fcdf.jpg,416,416,platNomor,133,173,156,190
IMG-20180108-WA0063_jpg.rf.59d66c5712701c6b1f9c07228ab0fcdf.jpg,416,416,platNomor,229,180,250,201
IMG-20180108-WA0063_jpg.rf.59d66c5712701c6b1f9c07228ab0fcdf.jpg,416,416,platNomor,197,259,237,289
IMG-20180108-WA0063_jpg.rf.59d66c5712701c6b1f9c07228ab0fcdf.jpg,416,416,platNomor,67,261,107,295
IMG-20180108-WA0063_jpg.rf.59d66c5712701c6b1f9c07228ab0fcdf.jpg,416,416,platNomor,341,257,377,299
165-E-5555-SR-05-20_jpg.rf.55e6d8972d47ae341935eaa0adb3e069.jpg,416,416,platNomor,0,1,415,415
IMG-20180108-WA0053_jpg.rf.57b046b087b9363dfa888f021376f521.jpg,416,416,platNomor,18,76,36,100
IMG-20180108-WA0053_jpg.rf.57b046b087b9363dfa888f021376f521.jpg,416,416,platNomor,48,85,73,115
IMG-20180108-WA0053_jpg.rf.57b046b087b9363dfa888f021376f521.jpg,416,416,platNomor,227,99,248,124
IMG-20180108-WA0053_jpg.rf.57b046b087b9363dfa888f021376f521.jpg,416,416,platNomor,283,263,328,298
IMG-20180108-WA0053_jpg.rf.57b046b087b9363dfa888f021376f521.jpg,416,416,platNomor,148,275,195,321
IMG-20180108-WA0050_jpg.rf.5e034d6ef24db6862300a951adfdb6b7.jpg,416,416,platNomor,182,65,198,79
IMG-20180108-WA0050_jpg.rf.5e034d6ef24db6862300a951adfdb6b7.jpg,416,416,platNomor,309,70,330,91
IMG-20180108-WA0050_jpg.rf.5e034d6ef24db6862300a951adfdb6b7.jpg,416,416,platNomor,42,227,86,266
IMG-20180108-WA0050_jpg.rf.5e034d6ef24db6862300a951adfdb6b7.jpg,416,416,platNomor,286,233,328,276
IMG-20180108-WA0050_jpg.rf.5e034d6ef24db6862300a951adfdb6b7.jpg,416,416,platNomor,207,42,220,54
7-E-4594-Q-08-18_jpeg.rf.60900f6ecf1ac6c0019f653c3709d1cb.jpg,416,416,platNomor,6,2,408,397
79-E-4564-SZ-09-21_jpeg.rf.46788f381d0b549ebef1973db13d14b3.jpg,416,416,platNomor,0,18,415,411
20171212_124449_jpg.rf.5bb8620f458e6d8d71da4edd6bd30ccf.jpg,416,416,platNomor,10,35,416,327
66-E-1477-RB-02-21_jpg.rf.646adfa878b41d64421296e220d14f98.jpg,416,416,platNomor,6,34,402,412
IMG-20180108-WA0061_jpg.rf.5fa2143d2e7ca665386c1b013bcf900d.jpg,416,416,platNomor,306,157,325,179
IMG-20180108-WA0061_jpg.rf.5fa2143d2e7ca665386c1b013bcf900d.jpg,416,416,platNomor,227,217,261,246
IMG-20180108-WA0061_jpg.rf.5fa2143d2e7ca665386c1b013bcf900d.jpg,416,416,platNomor,14,246,55,283
IMG-20180108-WA0041_jpg.rf.5dbd10932dd59a79f117077a09450b80.jpg,416,416,platNomor,328,201,367,237
IMG-20180108-WA0041_jpg.rf.5dbd10932dd59a79f117077a09450b80.jpg,416,416,platNomor,179,205,208,236
IMG-20180108-WA0041_jpg.rf.5dbd10932dd59a79f117077a09450b80.jpg,416,416,platNomor,63,212,86,238
IMG-20180108-WA0041_jpg.rf.5dbd10932dd59a79f117077a09450b80.jpg,416,416,platNomor,115,240,142,275
52-E-3765-QO-12-19_jpg.rf.5cb4ecd2ab76c8c0596c823960650e20.jpg,416,416,platNomor,2,7,415,410
20171211_154917_jpg.rf.59809456539817c1e1d4bdd8d5c9a1f1.jpg,416,416,platNomor,4,7,415,348
26-E-4016-TO-08-22_jpeg.rf.6466886655ef26a9e3a4efb70c95841f.jpg,416,416,platNomor,1,2,415,414
IMG-20180108-WA0091_jpg.rf.63677f527dbdc2429a0c2ed1c057dbea.jpg,416,416,platNomor,62,117,85,144
IMG-20180108-WA0091_jpg.rf.63677f527dbdc2429a0c2ed1c057dbea.jpg,416,416,platNomor,281,234,315,267
IMG-20180108-WA0091_jpg.rf.63677f527dbdc2429a0c2ed1c057dbea.jpg,416,416,platNomor,331,242,369,273
IMG-20180108-WA0091_jpg.rf.63677f527dbdc2429a0c2ed1c057dbea.jpg,416,416,platNomor,145,255,180,282
20220530_160628_jpg.rf.61232ab5311ebd94a825a09b65edcef5.jpg,416,416,platNomor,112,123,221,255
photo_2022-05-30_17-51-50_jpg.rf.61102dce7c194b2f5e8b0285dbcf6455.jpg,416,416,platNomor,182,198,302,288
90-E-5811-RO-10-18_jpeg.rf.6060671e633b4d833241a759bbc8db62.jpg,416,416,platNomor,1,20,415,405
76-E-5361-TI-01-18_jpg.rf.61cad0e67af0e52815f6fc7cec1cd8f3.jpg,416,416,platNomor,24,34,406,366
20171212_142243_jpg.rf.64316c1fe5342cac820f6185bccb1ae4.jpg,416,416,platNomor,0,0,415,311
20220530_160634_jpg.rf.6407c2dfd364e9ee3681875153d04305.jpg,416,416,platNomor,138,128,209,231
187-E-6737-SS-01-21_jpeg.rf.5b3f258729c3f6a0e2d79f8a6869d368.jpg,416,416,platNomor,0,0,415,415
158-E-5737-PAB-03-21_jpeg.rf.63bdef554c61446cf4fd44f6747441de.jpg,416,416,platNomor,10,10,401,415
296-E-5098-RA-00-00_jpg.rf.564cdcf9abb2446652963a486ea94e81.jpg,416,416,platNomor,2,6,415,280
20171211_110651_jpg.rf.45b32824e3f086aa35372313ce185855.jpg,416,416,platNomor,0,8,415,403